record_id,doi,year,journal,title,abstract,DECISION (Include/Exclude),THEME if include (F/D/S),REASON CODE if exclude (R1-R6),notes
R001,10.3390/su15064919,2023,Sustainability,"Modeling Energy, Education, Trade, and Tourism-Induced Environmental Kuznets Curve (EKC) Hypothesis: Evidence from the Middle East","Global warming has become the main concern in the present world. This research takes a comprehensive look at the interconnections between tourism, gross domestic product (GDP), renewable energy, fossil fuels, education, trade, and carbon dioxide (CO2) emissions in the Arab Peninsula. Including these variables, the research also checks the environmental Kuznets curve (EKC) hypothesis by analyzing the top 10 tourist destinations from 1997 to 2019. Saudi Arabia, Qatar, the United Arab Emirates, Iran, Israel, Jordan, Bahrain, Oman, Lebanon, and Egypt round out the top 10 countries in Arab in terms of tourist arrivals. The paper uses a novel augmented mean group (AMG) model to explore the problems of slope heterogeneity (SH), cross-sectional dependence (CSD), and the combination of level and first-difference stationery. An association between these variables over time can be discovered using the Westerlund cointegration method. To certify the accuracy of the findings, the research used both the mean group (MG) and common correlated effects mean group (CCEMG). According to the research, the EKC does not exist in the most popular Middle Eastern travel destinations. This basically means that as money grows, environmental conditions will deteriorate. The findings show that tourism can help reduce environmental harm there. Indicators such as rising populations, increased energy consumption, and thriving economies all influence the rise of the environmental degradation level. Trade will also increase environmental deterioration. The only things that will help reduce CO2 emissions are tourism and renewable energy. Therefore, the MG and CCEMG results corroborate the AMG findings. Governments may push for the widespread use of refillable energy sources and the development of ecotourism. Therefore, policymakers in this country should rethink their tourism strategies and adopt one that places a premium on renewable energy sources and environmental protection.",,,,
R002,10.54493/jgttr.1408566,2024,Journal of Global Tourism and Technology Research,Forecasting Türkiye's International Tourism Demand,"The structure of tourist demand is sensitive since it is very easily affected by the consequences of economic, political, and social crises. Since the limited ability to increase tourism supply, it is crucial to analyze the demand structure and develop suitable strategies. This outcome can only be achieved by an accurate and effective demand prediction. There is no singular approach that ensures success in demand forecasting. Hence, in order to estimate demand accurately, it is advisable to create many models and choose the one with the lowest error rate. This study aimed to develop the best-performing prediction model by using monthly data of international visitors who visited Türkiye from January 2002 to August 2023 and stayed in Tourism Ministry-certified accommodations. Within this framework, the data was first analyzed to identify the trend and seasonal component. Afterwards, various models were employed including Naive III, simple moving average, double moving average, seasonal exponential smoothing, and artificial neural networks. The data generated by these models has been analyzed by comparing it with the actual data from the last 24 months, using MAPE and RMSE results. According to the research findings, it has been determined that artificial neural networks produce the most accurate results.",,,,
R003,10.3390/su151310013,2023,Sustainability,"Determinants of Residents’ Support for Sustainable Tourism Development: An Empirical Study in Midyat, Turkey","The purpose of this study is to examine the extent to which residents’ perceptions of their place image can predict their perceptions of the impacts of tourism, and ultimately, to elucidate their support for sustainable tourism development in Midyat, Turkey. This city currently faces a range of negative impacts associated with tourism, such as inflation, high leakage, threats to family structures, environmental degradation, pollution, and crowding. At the same time, Midyat seeks to maximize the positive impacts of tourism, including job creation and employment, environmental protection, cultural and educational enrichment, and recreational opportunities. Therefore, there is an urgent need for a strategic shift in development. The study population consists of residents residing in Midyat, Turkey, from whom three hundred and fifty-six questionnaires were collected. PLS (Partial Least Squares) path analysis was utilized to analyze the research model constructed based on the literature. The results demonstrated that residents’ place image significantly predicted two out of three impacts of tourism, namely, socio-cultural and economic impacts. Additionally, residents’ perceptions of environmental and socio-cultural impacts were significant predictors of their support or opposition to sustainable tourism. While perceived environmental impacts have a positive effect on support for sustainable tourism, perceived economic impacts have a negative effect. This finding can guide tourism planners and professionals to make more informed decisions and take stronger steps toward sustainable tourism development. This study revealed that the quality of life, job opportunities, infrastructure, and economic income of Midyat’s residents are insufficient. However, the city is characterized by social attributes, such as friendliness, trust, and supportiveness. The results are limited to local residents, and using only one tourist stakeholder to assess sustainable tourism development is insufficient. Therefore, additional research must be performed to guarantee the involvement of other tourism stakeholders.",,,,
R004,10.24818/rej/2021/81/01,2021,The Romanian Economic Journal,Institutional Quality and Tourism Growth Nexus in MENA Countries,"The study critically examines the impact of institutional quality within foreign direct investment-financial development-international tourist arrival nexus for selected MENA countries. The dynamic pool mean group Autoregressive Distributed Lag (ARDL) model is employed for the empirical data analysis from 2012 to 2018. The findings reveal that institutional quality has a positive impact in FDI and real GDP model. Contrarily, it has adverse effect in the model of financial development and international tourist arrival overtime. Hence in the short-run, financial development and real GDP vary inversely moreover international tourist arrival and financial development varies directly. The multivariate panel causality test reveals 4 significant uni-directional causalities. The robust finding suggests institutional policy measures to enhance FDI and international tourist arrival, and the deepening of financial development to stimulate and enhance economic growth.",,,,
R005,10.30892/gtg.634spl28-1643,2025,Geojournal of Tourism and Geosites,THE TRANSFORMATIVE ROLE OF PLACE ATTACHMENT IN CONVERTING SUSTAINABILITY PERCEPTIONS INTO ACTIVE TOURIST ADVOCACY,"While a significant body of literature exists on sustainable tourism, little is known about the psychological mechanisms by which perceptions of sustainability are translated into advocacy behaviors. The affective and identity-based pathways that connect sustainability to proactive advocacy have been poorly theorized, as the majority of the literature has predicted advocacy from direct cognition rather than affective mediators. Further, advocacy has been under-researched as a dependent variable compared to revisit intention, even though it is higher up the loyalty hierarchy and represents more valuable behavioral outcomes for destination marketing and management. The current study aims to address these critical gaps by examining the mediating role of place attachment in the sustainability-advocacy relationship within community-based tourism contexts. It developed and empirically tested the comprehensive hypothesis that place attachment was the core psychological mechanism that transformed perceptions of sustainable development into advocacy behaviors through both emotional and functional pathways. Thus, the study employed a quantitative cross-sectional survey design with 377 tourists in the Egyptian community-based tourism sector, using structural equation modeling to test the hypothesized relationships among perceived sustainability dimensions, place attachment components, and advocacy intentions. Results demonstrated that perceived sustainability is significantly associated with place attachment, which fully mediates its effect on advocacy intention for economic and cultural sustainability dimensions, while partially mediating environmental sustain ability effects. These findings extend theoretical understanding by demonstrating that economic and cultural sustainability require complete psychological transformation through place attachment before influencing advocacy, whereas environmental sustainability operates through both affective bonding and direct normative pathways.",,,,
R006,10.32479/ijeep.14410,2023,International Journal of Energy Economics and Policy,Do Tourism and Renewable Energy Influence CO2 Emissions in Tourism-Dependent Countries?,"The global community gathered in 2015 in Paris to join efforts in order to mitigate the impact of global warming by decreasing carbon emissions. As tourism is viewed as one of the essential causes of global warming, policymakers are searching for tools to decrease the carbon footprint of the tourism sector by introducing energy efficiency strategies. This study aims to contribute to the energy-emissions debate by accounting for the presence of the tourism sector. In particular, we offer novel evidence on the effect of renewable energy on CO2 emissions in a sample of 50 most tourism-oriented countries over the period from 2000 to 2015. Using a two-step GMM estimator, we find that a one percent increase in renewable energy consumption leads to a one percent decrease in CO2 emissions. We also confirm the presence of the Environmental Kuznets Curve phenomena in tourism-oriented countries. Based on the empirical findings, the study suggests that the policymakers of the top tourist-oriented countries initiate more renewable energy-based activities to achieve sustainable economic development.",,,,
R007,10.46593/ijaera.2020.v06i08.001,2020,International Journal of Advanced Engineering Research and Applications,Forecasting The Number of International Muslims Umrah Visitors in Makkah to 2030,"This study was conducted to support the Saudi Vision 2030 to move beyond oil dependency by diversifying the sources of its income by increasing the tourists demand in the Kingdom, especially religious tourism which provides more money flowing continuously in the economy depending on its strategic location at the center of the world. This study aims to forecast the annual number of International Umrah visitors to Makkah from the period of 2020 to 2030, to achieve the 2030 Saudi Vision of serving 30 million visitors in 2030. Historical data of international Umrah visitors were collected for the past 33 years on an annual basis. This univariate time series of the annual number of international Umrah visitor has been studied and forecasted to predict the annual number of Umrah visitors for the next 11 years. Different forecasting techniques were used to identify the best technique among them to forecast the future demand. The best technique among those used in the study was ARIMA (2, 2, 2) model as best fitted model with the least residual measures of 9% MAPE. The results of the study indicate that annual number of international Umrah visitors will increase from 7.6 million in 2020 to 12.3 million in 2030. Annual increment percentage decreased from 11% in the historical data to 5% in the forecasted data affected by recent year’s growth due to the variability of issuing Umrah visas before 2030 vision’s announcement. It is clearly shown based on historical data and recent growth in Umrah visitors the 30 million visitors’ goal in 2030 will not be achieved. To achieve the set goal of international Umrah visitors by 2030 the Saudi government would need to increase the growth rate of issuing Umrah visa with an average of 12% approximately. In addition, lots of actions to attract more Umrah visitors such as aggressive marketing campaign, improve its housing 8 hospitality facilities, increase the capacity of its utility systems, and expand the overall infrastructure in the Holy places.",,,,
R008,10.3390/su17052328,2025,Sustainability,Leveraging Spectral Clustering and Long Short-Term Memory Techniques for Green Hotel Recommendations in Saudi Arabia,"Online recommendation agents have demonstrated their value in various contexts by helping users navigate information overload, supporting decision-making, and influencing user behavior. There is a lack of studies focusing on recommendation systems for green hotels that utilize user-generated content from social networking and e-commerce platforms. While numerous studies have explored the use of real-world datasets for hotel recommendations, the development of recommendation systems specifically for green hotels remains underexplored, particularly in the context of Saudi Arabia. This study attempts to develop a new approach for green hotel recommendations using text mining and Long Short-Term Memory techniques. Latent Dirichlet Allocation is used to identify the main aspects of users’ preferences from the user-generated content, which will help the recommender system to provide more accurate recommendations to the users. Long Short-Term Memory is used for preference prediction based on numerical ratings. To better perform recommendations, a clustering technique is used to overcome the scalability issue of the proposed recommender system, specifically when there is a large amount of data in the datasets. Specifically, a spectral clustering algorithm is used to cluster the users’ ratings on green hotels. To evaluate the proposed recommendation method, 4684 reviews were collected from Saudi Arabia’s green hotels on the TripAdvisor platform. The method was evaluated for its effectiveness in solving sparsity issues, recommendation accuracy, and scalability. It was found that Long Short-Term Memory better predicts the customers’ overall ratings on green hotels. The comparison results demonstrated that the proposed method provides the highest precision (Precision at Top @5 = 89.44, Precision at Top @7 = 88.21) and lowest prediction error (Mean Absolute Error = 0.84) in hotel recommendations. The author discusses the results and presents the research implications based on the findings of the proposed method.",,,,
R009,10.3390/forecast4020024,2022,Forecasting,Forecasting Regional Tourism Demand in Morocco from Traditional and AI-Based Methods to Ensemble Modeling,"Tourism is one of the main sources of wealth for the Moroccan regions, since, in 2019, it contributed 7.1% to the total GDP. However, it is considered to be one of the sectors most vulnerable to exogenous shocks (political and social stability, currency change, natural disasters, pandemics, etc.). To control this, policymakers tend to use various techniques to forecast tourism demand for making crucial decisions. In this study, we aimed to forecast the number of tourist arrivals to the Marrakech-Safi region using annual data for the period from 1999 to 2018 by using three conventional approaches (ARIMA, AR, and linear regression), and then we compared the results with three artificial intelligence-based techniques (SVR, XGBoost, and LSTM). Then, we developed hybrid models by combining both the conventional and AI-based models, using the technique of ensemble learning. The findings indicated that the hybrid models outperformed both conventional and AI-based techniques. It is clear from the results that using hybrid models can overcome the limitations of each method individually.",,,,
R010,10.21833/ijaas.2021.09.008,2021,International Journal of ADVANCED AND APPLIED SCIENCES,COVID-19 and tourism sector: A perspective of Saudi Arabia,"The current paper attempts to analyze the relationship between COVID-19 and tourism in Saudi Arabia from the period 2nd March 2020–15th Nov 2020 as COVID-19 cases started to increase in March 2020. Along with this, predicted data is also used for the year 2021 in order to know the situation of tourism in the coming year if COVID-19 cases continue to increase. Ordinary least square, as well as quantile regression, is used to have a detailed overview of the nexus between COVID-19 and tourism. The findings of the study clearly indicate that tourism in Saudi Arabia is declined significantly due to COVID-19 in 2020. Besides this, it is also found that if COVID-19 cases continue to increase in 2021, then tourism will continue to decrease in the coming year as well.",,,,
R011,10.1177/1354816619836338,2019,Tourism Economics,Tourism–growth nexus under duress: Lebanon during the Syrian crisis,"The Syrian crisis that started in 2011 is considered by many to have affected negatively the Lebanese economy. A possible transmission channel from the crisis to the economy of Lebanon is tourism. This article investigates the tourism–growth nexus in Lebanon controlling for the instability caused by the Syrian crisis. We use a vector autoregression model with five monthly macroeconomic variables: a novel index for income, number of tourist arrivals, number of Syrian refugees, and casualties in both Lebanon and Syria during the conflict. The results show that the Lebanese economy was resilient to the political instability engendered by the Syrian crisis. The findings support both the tourism-led growth hypothesis and the ancillary growth-led tourism hypothesis. The article concludes that the tourism sector in Lebanon is robust to the political instability engendered by the Syrian crisis.",,,,
R012,10.1177/14673584251350551,2025,Tourism and Hospitality Research,Geopolitical and economic risks and tourism in Tunisia: A wavelet-based analysis,"This paper examines the intricate relationships between geopolitical risk, political and economic uncertainties, currency rate fluctuations, and tourist arrivals in Tunisia. Using monthly data from 1993 to 2023, we employ an innovative wavelet local multiple regression approach to delve into these risk factors’ isolated and combined time-frequency varying effects. Our findings unveil diverse relationships between risk factors and tourism arrivals across various time scales and frequencies. Notably, we find that the isolated impact of risk factors is consistently negative and significant in the short and mid-term, particularly in response to political violence and escalating geopolitical risk. However, in the long term, the combined impact of risk factors is notably weak and positive, with political risk exerting the most influence, followed by geopolitical risk. Our findings are robust and consistently supported by Granger spectral causality tests and yield valuable insights for policymakers and tourism stakeholders in Tunisia.",,,,
R013,10.30892/gtg.43321-915,2022,GeoJournal of Tourism and Geosites,THE IMPACT OF RELIGIOUS TOURISTS’ SATISFACTION WITH HAJJ SERVICES ON THEIR EXPERIENCE AT THE SACRED PLACES IN SAUDI ARABIA,"To identify the impact of satisfaction with the provided services (food quality, transportation, accommodation, medical services and the religious guidance) on the spiritual experience of religious tourists, as well as the potential moderating role of pilgrims’ demographic characteristics on the relationship between service satisfaction and experience. A structured survey was distributed among the domestic pilgrims in Mecca, Saudi Arabia who performed Hajj under the control of three licensed agencies. Results showed that the satisfaction with transportation services and religious guidance were independent antecedent predictors of the spiritual experience. Furthermore, pilgrims’ age had significantly moderated the relationship between satisfaction with medical services and experience. National authorities can effectively improve the spiritual experience by providing comfortable means of transportation and reliable religious scholars to guide the pilgrims at different sacred destinations.",,,,
R014,10.1108/jhti-03-2024-0223,2024,Journal of Hospitality and Tourism Insights,Enabling hotel circularity via Industry 4.0 innovations for enhanced hotel performance: insights from Saudi Arabia and Egypt,"Purpose This research assesses the present condition of Circular Economy (CE) practices in green hotels situated in two leading Middle Eastern nations, Saudi Arabia and Egypt. Furthermore, it investigates the crucial impact of Industry 4.0 innovations in facilitating the relationship between the adoption of CE initiatives and hotel performance (HP). Design/methodology/approach Data from 59 green hotels in Saudi Arabia and 76 in Egypt were collected online, resulting in 400 complete forms, providing a diverse sample size suitable for PLS-SEM analysis using JASP software as a leading machine learning application. Findings The results demonstrate a notable correlation between CE strategies, including redesign, production, reuse and recovery in hotels and HP. Additionally, the impact of Industry 4.0 performance on the relationship between CE and HP is facilitated by four distinct CE loops. Practical implications This study offers practical insights into implementing CE practices in the hotel industry, aiding policymakers and establishments in enhancing sustainability and performance. Key stakeholders can use these findings to develop strategies that integrate CE initiatives, improve operational outcomes and align marketing efforts with sustainable practices. Originality/value This study is groundbreaking in its exploration of the relationship between CE and the transition to Industry 4.0 in the MENA region, analyzing the specific CE practices that contribute to high HP. The tested model expands on the Natural Resource-Based View and stakeholder theory by incorporating the critical role of Industry 4.0 innovations in the CE–HP nexus.",,,,
R015,10.30892/gtg.58105-1390,2025,GeoJournal of Tourism and Geosites,"TOURISM EXPERIENCES, MOTIVATIONS, AND TRAVEL LIFESTYLES PREFERENCES FOR DOMESTIC TOURISTS: A CASE OF JORDAN","It is acknowledged that domestic tourism activities and movements have grown considerably in recent years, particularly, after the COVID-19 pandemic. However, different dimensions of domestic tourism have received scant attention in tourism research literature up till now. Therefore, the main purposes of the current study are to identify the push and pull motivations, tourism experiences and travel lifestyle preferences for a sample of tourists undertaking domestic tourism experiences in Jordan. Furthermore, this study seeks to explore the potential relationship between the push and pull motivations and travel lifestyles preferences with the tourist experience for such tourists in Jordan. A quantitative approach was used in this study, comprising of a self-administered questionnaire that involved inviting a convenience sample of 232 domestic tourists in Jordan. The present study utilized validated and reliable scales that have been extensively applied across various tourism settings to measure the motivations, tourists’ experiences, and travel lifestyles. Non-parametric methods, correlation analysis and a series of multiple regressions were employed to examine the potential relationship between the different study variables. Taken together, the results revealed that the major push factors behind tourists engaging in a domestic tourism experience were relaxation, escape, and enjoyment, while the highest pull factors were weather and nature, available activities, and cost. Also, the study showed that motivations were good predictors for tourist experience and there was a weak and negative relationship between travel lifestyle and tourist experience. It is interesting to note that motivations for domestic tourism experiences for the respondents have been driven more by internal factors than by external motivations. The findings of this study have gone some way towards enhancing our understanding of tourist experience, motivations, and travel lifestyle constructs for domestic tourism in Jordan. Moreover, this study provides additional evidence about the relationship between the motivations of domestic tourists and their experiences and their lifestyles preferences. Collectively, assessment of the study variables can be helpful for evaluation of the effectiveness of domestic tourism’s products, services and activities to fulfil the domestic tourists’ needs and preferences.",,,,
R016,10.3390/info15090516,2024,Information,Machine Learning and Artificial Intelligence for a Sustainable Tourism: A Case Study on Saudi Arabia,"This work conducts a rigorous examination of the economic influence of tourism in Saudi Arabia, with a particular focus on predicting tourist spending patterns and classifying spending behaviors during the COVID-19 pandemic period and its implications for sustainable development. Utilizing authentic datasets obtained from the Saudi Tourism Authority for the years 2015 to 2021, the research employs a variety of machine learning (ML) algorithms, including Decision Trees, Random Forests, K-Neighbors Classifiers, Gaussian Naive Bayes, and Support Vector Classifiers, all meticulously fine-tuned to optimize model performance. Additionally, the ARIMA model is expertly adjusted to forecast the economic landscape of tourism from 2022 to 2030, providing a robust predictive framework for future trends. The research framework is comprehensive, encompassing diligent data collection and purification, exploratory data analysis (EDA), and extensive calibration of ML algorithms through hyperparameter tuning. This thorough process tailors the predictive models to the unique dynamics of Saudi Arabia’s tourism industry, resulting in robust forecasts and insights. The findings reveal the growth trajectory of the tourism sector, highlighted by nearly 965,073 thousand tourist visits and 7,335,538 thousand overnights, with an aggregate tourist expenditure of SAR 2,246,491 million. These figures, coupled with an average expenditure of SAR 89,443 per trip and SAR 9198 per night, form a solid statistical basis for the employed predictive models. Furthermore, this research expands on how ML and AI innovations contribute to sustainable tourism practices, addressing key aspects such as resource management, economic resilience, and environmental stewardship. By integrating predictive analytics and AI-driven operational efficiencies, the study provides strategic insights for future planning and decision-making, aiming to support stakeholders in developing resilient and sustainable strategies for the tourism sector. This approach not only enhances the capacity for navigating economic complexities in a post-pandemic context, but also reinforces Saudi Arabia’s position as a premier tourism destination, with a strong emphasis on sustainability leading into 2030 and beyond.",,,,
R017,10.3390/su162310760,2024,Sustainability,Transport Sector Emissions and Environmental Sustainability: Empirical Evidence from GCC Economies,"This paper analyses the asymmetric effects of air transport on CO2 emissions from transport in the Gulf Cooperation Council countries. The analysis utilises CO2 emissions from transport, which are more relevant and critical for assessing the environmental performance of transport. Moreover, the current paper has examined this relationship with further macroeconomic variables within the Gulf Cooperation Council context. This paper uses a significant sample of six nations and spans an extensive period from 1990 to 2020. The second-generation Auto Regressive Distributed Lag model was applied to enable the examination of regional heterogeneity and the assessment of transport’s effect on CO2 emissions across several countries. The intensity of environmental degradation may differ among the Gulf Cooperation Council countries, hence, environmental policies should include trends in transport emissions. Long-term estimates based on the ARDL technique suggest that energy consumption, economic growth, and air travel exacerbate the ratio of CO2 emissions from transport and pollution levels. The results can be utilised to develop a transport-related environmental strategy that aligns with the sustainable development goals. The paper proposes strategies for achieving a sustainable environment and energy future.",,,,
R018,10.1016/j.ijhm.2026.104745,2026,International Journal of Hospitality Management,Hybrid machine learning approaches for hotel occupancy forecasting: Evaluating gradient boosting and neural networks,(no abstract in Crossref - decide on title),,,,
R019,10.1016/j.igd.2024.100203,2025,Innovation and Green Development,"Saudi Arabia's path to carbon neutrality: Analysis of the role of Hajj pilgrimage, energy consumption, and economic growth",(no abstract in Crossref - decide on title),,,,
R020,10.1504/ijssoc.2016.079082,2016,International Journal of Sustainable Society,Modelling the causality of sustainable tourism in Qatar: an empirical study,(no abstract in Crossref - decide on title),,,,
R021,10.3727/108354215x14464845877995,2015,Tourism Analysis,Religious Tourism and Economic Growth in Oil-Rich Countries: Evidence from Saudi Arabia,"Key studies have identified the need to diversify the Kingdom of Saudi Arabia economy beyond its heavily oil-based status if it is to attain long-term sustainable growth. Tourism, in particular religious tourism, has been recognized as one key non-tradable sector that could promote this growth. This article applies a time-series approach to examine the impact of the tourism industry on the economic prosperity of the Kingdom between 1970 and 2011. The results show that tourism only plays a minor role in improving economic growth when the economy as a whole is taken into consideration. However, when isolating the non-oil sectors, the impact of tourism could be seen to have a greater influence on economic growth. Tourism is therefore potentially important for any future diversification of the economy from oil.",,,,
R022,10.3390/su8070605,2016,Sustainability,Is Tourism Development a Sustainable Economic Growth Strategy in the Long Run? Evidence from GCC Countries,"The main objective of this study is to investigate the causal relationship between tourism development and economic growth in Gulf Cooperation Council (GCC) countries in a multivariate model, using panel data for the period 1995–2012. The study adopts a panel Granger causality analysis approach to assess the contribution of tourism to economic growth in GCC countries as a whole, and in each individual country. In the case of GCC countries as a whole, the results show a one-way Granger causality, from economic growth to tourism growth. Furthermore, Kuwait, Saudi Arabia, Qatar, and the United Arab Emirates follow the path of economy-driven tourism growth, as hypothesized. The reverse hypothesis (i.e., tourism-led growth hypothesis) holds true for Bahrain, while there is no causal relationship between tourism and economic growth in the case of Oman.",,,,
R023,10.3390/su17146351,2025,Sustainability,Sustainability of Tourism and Economic Development in Three Religious Tourism Destinations: The Critical Role of Fossil Fuel Energy on Air Pollution and Human Health,"The study examined the relations and Granger causality among environmental pollution, air quality, life expectancy, religious tourism, petroleum consumption and economic growth in three countries, Italy, Saudi Arabia and Türkiye, three countries with a prominent role of religious tourism, given the high shares of religious tourism revenues in their economies and due to pilgrimage-type religious tourism activities in total tourism activities. The study employed a yearly sample of 1975–2019 and novel Fourier-augmented vector autoregressive and Fourier Granger causality tests, under the structural breaks in the data. The findings indicate negative effects on environmental pollution and air quality from tourism in addition to such effects on life expectancy in all countries analyzed, and in this relation, fossil fuel consumption in these nations and its acceleration with tourism play crucial roles. These effects are amplified by economic growth coupled with tourism revenues that go in hand with high fossil fuel consumption, which further worsen the impacts on the environment. In the causality testing stage, the results determined unidirectional causality from tourism, fossil fuel energy consumption, and economic growth to both carbon dioxide emissions and to particulate matter 2.5. These effects are also reinforced by feedback effects between air pollution and life expectancy, which enhance the effects on both environment and air quality. These findings are used to suggest important policy recommendations, among which, the reduction in high dependency on fossil fuel in the energy mix is most central. Equally, policies are suggested to encourage sustainable tourism to reverse the adverse effects on health, environmental degradation and worsened air quality in these nations.",,,,
R024,10.3390/forecast4030036,2022,Forecasting,The Power of Travel Search Data in Forecasting the Tourism Demand in Dubai,"Tourism plays an important economic role for many economies and after the COVID-19 pandemic, accurate tourism forecasting become critical for policymakers in tourism-dependent economies. This paper extends the growing literature on the use of internet search data in tourism forecasting through evaluating the predictive ability of Destination Insight with Google, a new Google product designed to monitor tourism recovery after the COVID-19 pandemic. This paper is the first attempt to explore the forecasting ability of the new Google data. The study focuses on the case of Dubai, given its status as a world-leading tourism destination. The study uses time series models that account for seasonality, trending variables, and structural breaks. The study uses monthly data for the period of January 2019 to April 2022. We explore whether the internet travel search queries can improve the forecasting of tourist arrivals to Dubai from the UK. We evaluate the accuracy of forecasts after incorporating the Google variable in our model. Our findings suggest that the new Google data can significantly improve tourism forecasting and serves as a leading indicator of tourism demand.",,,,
R025,10.3390/su18157602,2026,Sustainability,"Reduced Climate Vulnerability, Visa Liberalization and Tourism Development in Saudi Arabia: Evidence Under Vision 2030 Framework","The development of the tourism sector is one of the main objectives of the Vision 2030 reform package introduced by Saudi Arabia in 2016 to develop a resilient, knowledge-based and competitive economy. However, the determinants of tourism development from the perspective of reduced climate vulnerability and visa liberalization are rarely researched in the case of Saudi Arabia. Accordingly, this research paper focuses on investigating the impacts of reduced climate vulnerability and visa liberalization policy on tourism development using data from Saudi Arabia for the period 1995–2024. This study measures climate vulnerability using the ND-GAIN Index, which captures both climate vulnerability and climate readiness, while the visa liberalization policy is captured through a dummy variable. For the estimation of the model, this study uses the Autoregressive Distributed Lag (ARDL) cointegration approach, which simultaneously produces both the long-run and short-run relationships between the independent variables and the dependent variable. This study’s findings demonstrate that reduced climate vulnerability or greater national readiness for climate change is positively linked with increased international tourist arrivals both in the long-run and short-run horizons. Similarly, the results also prove the importance of the visa liberalization policy on the development of the tourism sector in the long run. Moreover, the results indicate that trade openness and income level are the main driving forces behind the development of the tourism sector in the long run. Furthermore, this study’s results further show that the rate of inflation is detrimental to the development of the tourism sector, as it directly enhances the cost of traveling. This research study contributes to the sustainability discourse by visualizing how policy-driven interventions can safeguard tourism growth in climate-vulnerable economies. Finally, this study offers important policy implications related to sustainable tourism planning and economic diversification under the framework of Vision 2030 in Saudi Arabia.",,,,
R026,10.3727/108354220x15758301241891,2020,Tourism Analysis,The Impacts of Oil Price Shocks on Tourism Receipts for Selected Middle East and North Africa (MENA) Countries: Do Structural Breaks Matter?,"One of the short comings in the tourism literature is that research on the oil price–tourism receipts nexus is limited. However, the available studies, to the best of our knowledge, provide limited evidence on the negative effect of oil prices on tourism receipts. Nevertheless, the related literature did not consider the structural breaks in the analysis, which has proven to be important in the empirical work. As such, in this article we study the oil price–tourism receipts nexus for selected MENA countries in the presence of structural breaks. This is done by adopting the autoregressive distributed lag (ARDL) bounds test and incorporating the structural breaks. The findings show that the bounds test provides evidence of a long-run relationship between tourism receipts and oil prices after integrating structural breaks into the ARDL model for most countries.",,,,
R027,10.1016/j.eswa.2023.122204,2024,Expert Systems with Applications,A customized deep learning-based framework for classification and analysis of social media posts to enhance the Hajj and Umrah services,(no abstract in Crossref - decide on title),,,,
R028,10.1177/1354816620901956,2020,Tourism Economics,Dynamics of tourism demand in Turkey: Panel data analysis using gravity model,"Turkey, an emerging economy, ranked 8th among the most visited countries in the world in 2017. Given the importance of the tourism sector in Turkey, it is of utmost importance to identify the dynamics of tourism demand to achieve sustainable tourism. The aim of this article is, therefore, to explore the demand-side factors that affect the number of international tourist arrivals to Turkey. To this end, an augmented gravity model has been employed to analyze the factors affecting the number of international tourists visiting Turkey from the top 25 originating countries from 1998 to 2017. The results show that the gravity model is very effective in explaining the tourist arrivals to Turkey. Empirical findings suggest that per capita income of both origin country and Turkey, relative exchange rate, and globalization positively affect the demand for tourism, while it is negatively affected by consumer price index, violence/terrorism, household debt level, and bilateral distance between Turkey and the origin country.",,,,
R029,10.1109/access.2025.3532385,2025,IEEE Access,Machine Learning-Integrated Usability Evaluation and Monitoring of Human Activities for Individuals With Special Needs During Hajj and Umrah,(no abstract in Crossref - decide on title),,,,
R030,10.29313/amwaluna.v8i1.3476,2024,Amwaluna: Jurnal Ekonomi dan Keuangan Syariah,Bibliometric Analysis of Halal Tourism (Hajj and Umrah) Development in the World,"This research highlights the theoretical basis and future research directions in religious tourism and related topics from 2003 to 2023. 1,689 documents from the Scopus database related to religious tourism and the Umrah Hajj have been analyzed using VOS viewer software. This analysis found that research on religious tourism and the Umrah pilgrimage experienced a consistent increase. The most influential countries in the research were Saudi Arabia, Indonesia, Malaysia, France, and Australia. Studies on Umrah mass gathering, respiratory viruses, preventive measures, and pilgrimage season in Hajj and Umrah religious tourism are predicted to be a significant research focus, as can be seen through keyword co-occurrence analysis. The results of this study provide a comprehensive evaluation of the religious tourism literature over a decade using bibliometric and network analysis. The results of this research can help researchers gain a deeper understanding of the study of religious tourism as a whole and determine priorities for future research.",,,,
R031,10.38035/jgia.v3i4.568,2025,Jurnal Greenation Ilmu Akuntansi,Economic Improvement Based on Hajj and Umrah Business in Indonesia,"The Hajj and Umrah industry plays a strategic role in enhancing Indonesia's national economy through contributions to services, religious tourism, and trade sectors. Purpose: This study aims to analyze the influence of Hajj and Umrah business on economic improvement in Indonesia, particularly in job creation, income enhancement, and development of supporting sectors. Methods: This research employs a descriptive quantitative approach with survey data collection from 100 respondents consisting of Hajj and Umrah travel business operators and surrounding communities. Data analysis used multiple regression with SPSS 26. Results: The findings indicate that service quality, digitalization, community economic empowerment, and government policy support have positive and significant effects on community welfare improvement (R²=0.742, p<0.05). Hajj and Umrah business activities provide multiplier effects on the economy through transportation, hospitality, halal culinary, and small-medium enterprises sectors. Conclusions: The development of Hajj and Umrah business not only has spiritual value but also serves as a significant driver of Islamic economics for Indonesia's welfare and national development.",,,,
R032,10.3906/elk-1311-134,2016,TURKISH JOURNAL OF ELECTRICAL ENGINEERING &amp; COMPUTER SCIENCES,Tourism demand modelling and forecasting using data mining techniques in multivariate time series: a case study in Turkey,(no abstract in Crossref - decide on title),,,,
R033,10.1177/13548166211055985,2021,Tourism Economics,The effect of tourism source market structure on international tourism revenues in Turkey,"The current study calculates an indicator of tourism source market structure and investigates its impact on international tourism revenues in Turkey. This structure may influence the tourism performance through its consequences on the competitiveness and risk structure of the sector. The calculation of tourism source market structure in this study is based on the normalized Herfindahl–Hirschman Index and number of tourists by nationality. The ARDL co-integration framework is the method used and the estimation covers the period between January 2008 and September 2019. The calculated tourism source market structure indicator showed decreasing trend in the research period indicating that the tourism source market diversified in some extent. The co-integration is supported, and in the long-term model a 1% decrease in the tourism source market concentration found to increase international tourism revenues by 1.9078%. Furthermore, the error correction model indicated that it takes 7.16 months for deviations from the long-run relationship to return to the equilibrium.",,,,
R034,10.30519/ahtr.990903,2022,Advances in Hospitality and Tourism Research (AHTR),Forecasting Tourist Arrivals to Sangiran Using Fuzzy with Calendar Variations,"Fuzzy method has been widely used in time series forecasting. However, the current fuzzy time models have not accommodated the holiday effects so that the forecasting error becomes large at certain moments. Regarding the problem, this study proposes two algorithms, extended of Chen’s and seasonal fuzzy time series method (FTS), to consider the holiday effect in forecasting the monthly tourist arrivals to ancient human Sangiran Museum. Both algorithms consider the relationship between Eid holidays as the effect of calendar variations. The forecasting results obtained from the two proposed algorithms are then compared with those obtained from the Chen’s and the seasonal FTS. Based on the experimental results, the proposed method can reduce mean absolute error (MAE), root mean square error (RMSE), and mean absolute percentage error (MAPE) obtained from Chen’s method up to 61%, 61%, and 58%, respectively. Moreover, compared to that obtained from the seasonal FTS, the proposed method can reduce the MAE, RMSE, and MAPE values up to 35%, 36%, and 29%, respectively. The method proposed in this paper can be implemented to other time series with seasonal pattern and calendar variation effects.",,,,
R035,10.11591/ijece.v13i2.pp1989-1996,2023,International Journal of Electrical and Computer Engineering (IJECE),A novel hybrid deep learning approachfor tourism demand forecasting,"This paper proposes a new hybrid deep learning framework that combines search query data, autoencoders (AE) and stacked long-short term memory (staked LSTM) to enhance the accuracy of tourism demand prediction. We use data from Google Trends as an additional variable with the monthly tourist arrivals to Marrakech, Morocco. The AE is applied as a feature extraction procedure to dimension reduction, to extract valuable information and to mine the nonlinear information incorporated in data. The extracted features are fed into stacked LSTM to predict tourist arrivals. Experiments carried out to analyze performance in forecast results of proposed method compared to individual models, and different principal component analysis (PCA) based and AE based hybrid models. The experimental results show that the proposed framework outperforms other models.",,,,
R036,10.55041/ijsrem37043,2024,INTERANTIONAL JOURNAL OF SCIENTIFIC RESEARCH IN ENGINEERING AND MANAGEMENT,3D Modelling for the Hajj and Umrah Pilgrims,"A 3D simulation model is generated that can be used for a virtual representation of people who are performing Hajj and Umrah so that future travelers can gather the necessary information to perform religious ceremonies and be well prepared before arrival to the holy places. Traffic and pedestrian management in the areas is also presented. The purpose is to speed up the calculation of all events of interest to the authorities in a simulator, such as the behavior of vehicles, pedestrians on the streets, and worshippers. Two GPU solution alternatives and one CPU solution alternative are proposed, and the performance of the proposed solutions is also compared.",,,,
R037,10.34190/eckm.27.1.4788,2026,European Conference on Knowledge Management,Hybrid ARIMA-LSTM Knowledge Management for Strategic Tourism Demand Forecasting in Morocco,"Strategic foresight represents one of the most consequential yet undertheorized capabilities in the knowledge management literature. Whilst organizations increasingly invest in AI-driven forecasting tools, these systems are predominantly designed and evaluated as technical artefacts rather than as knowledge management (KM) instruments. In doing so, they overlook the governance decisions, knowledge architectures, and organizational learning principles that determine whether such tools genuinely enhance an organization's capacity to anticipate and respond to environmental complexity. Tourism management epitomizes this challenge acutely. The sector's inherent complexity, pronounced seasonality, and vulnerability to exogenous shocks, as the COVID-19 pandemic dramatically illustrated, require forecasting approaches that function as organizational knowledge systems rather than mere statistical exercises. This paper addresses this gap by developing and evaluating a hybrid ARIMA-LSTM model for predicting monthly international tourist arrivals in Morocco, framed explicitly within the KM literature on knowledge creation, codification, and strategic foresight. Drawing on a 20-year multivariate dataset (2005–2024) that integrates macroeconomic, climatic, behavioral, and event-driven knowledge assets, five models are systematically compared: ARIMA, SARIMA, XGBoost, LSTM, and the proposed hybrid. The hybrid model dramatically outperforms all alternatives (RMSE = 10.68; MAE = 9.52 vs. RMSE = 89.29 for the next-best approach), demonstrating that architecturally informed knowledge integration produces forecasting gains that no standalone model can achieve. Beyond algorithmic performance, the study advances several theoretical contributions. First, it operationalizes Nonaka and Takeuchi's (1995) combination process, demonstrating that dividing cognitive labor between an explicit linear knowledge layer (ARIMA) and a quasi-tacit nonlinear correction layer (LSTM) constitutes a genuine knowledge recombination strategy. Second, it theorizes data preprocessing as a knowledge governance decision, arguing that the choice of what historical knowledge to retain, discount, or reconstruct is as strategically consequential for organizational learning as the choice of the algorithm to deploy. Third, it reframes multivariate dataset construction as the deliberate assembly of a structured organizational knowledge portfolio distinguishing explicit, behavioral, and tacit-made-explicit knowledge assets. Fourth, this research introduces post-disruption selective reconstruction as a generalizable organizational learning principle applicable beyond tourism to any knowledge-intensive sector navigating structural discontinuities. Implications are drawn for tourism authorities, IS practitioners, and knowledge managers seeking to institutionalize AI-driven foresight within learning organization frameworks.",,,,
R038,10.53596/ma0frs79,2025,Journal of Tourism Analysis Revista de Análisis Turístico (JTA),Regional Tourism and Global Challenges in the Face of Political Uncertainty: Case STUDY of the Mena Region Turismo regional y desafíos globales frente a la incertidumbre política: estudio de caso de la región de Mena,"The potential of the MENA region, which is the cradle of the development of world civilization, is no exception, as evidenced by numerous historical artifacts combined with the modern way of life. The natural and cultural values of the region are attractive to different target groups, but have not yet been fully developed, unusable or irretrievably destroyed. Structural problems in tourism policy and the economy exacerbate the situation in many countries of the region. The study aims to quantitatively and qualitatively assess the dependence of the Middle East individual tourist markets on global political events based on a more in-depth study of the regional specifics. Using the method of bivariate correlation regression, the material presented models of the dependence of tourist visits on the level of political stability in neighboring countries, thanks to which the reader can form a clear picture of the structure of income and expenditures of the tourism industry in the countries of the region. The obtained indicators can become the basis for the development of a set of measures for the restoration and strategic development of the tourism industry in the region.",,,,
R039,10.1177/13548166231174812,2023,Tourism Economics,The Nexus between tourism-energy-environmental degradation: Does financial development matter in GCC countries?,"Environmental sustainability, energy consumption, and tourism are the most discussed topics in the literature. However, limited studies have catered to the relationship among these variables. From this perspective: the current study aims to find the nexus between tourism, energy alternatives, financial development, and pollution emissions by targeting the Gulf Cooperation Council (GCC) economies. We employ the data of six GCC economies for the years 2000–2019 and adopt fully modified ordinary least square and generalized least square approaches to establish the regression. The findings reveal a positive impact on the number of tourist arrivals (ITAs) while a negative impact on tourism receipts on pollution emissions. Similarly, fossil fuel energy (FFE) shows a positive while renewable energy depicts a negative relationship with CO 2 emissions. This positive impact of tourist arrivals and fossil fuel energy was moderated by financial development. In addition to individual analysis, the developed financial sector can help to reduce the negative externalities of ITA and FFE. The empirical analysis further documents the positive impact of all control variables including foreign investment, economic growth, and gross capital formation on CO 2 emissions. Based on empirical results, it is recommended to bring financial development into the picture to reduce the negative impact of ITA and FFE on environmental quality. This study put forward the literature by adding innovative thoughts regarding the moderating role of financial development in the nexus between tourism, energy alternatives, and CO 2 emissions.",,,,
R040,10.18488/31.v12i2.4595,2025,Journal of Tourism Management Research,Hybrid tourism and territorial development: The case of voluntourism and alternative tourism in Saudi Arabia,"This study investigates the role of hybrid tourism, which combines voluntourism and alternative tourism, in fostering territorial development in Saudi Arabia within the framework of Vision 2030. By integrating social participation and sustainable tourism principles, hybrid tourism is examined as a multidimensional tool for economic diversification and community empowerment. Using panel data from Saudi provinces and municipalities spanning 2014 to 2025, the analysis evaluates the impact of hybrid tourism intensity (HTI) on key development indicators, including local tourism employment, entrepreneurship, and social economy dynamics. A robust econometric strategy is employed, incorporating Fixed Effects (FE) to account for unobserved heterogeneity, a Difference-in-Differences (DiD) approach to capture the effects of tourism policy reforms, and Instrumental Variables (IV) estimation to mitigate endogeneity concerns. Additional robustness checks, such as alternative HTI specifications, placebo tests, and clustered standard errors, reinforce the reliability of the findings. Results demonstrate that regions exhibiting higher HTI achieve notable improvements in employment (18–24%), entrepreneurship (15–20%), and social economy development (around 22%), particularly in areas characterized by strong infrastructure, education, and institutional support. The study contributes to existing literature by conceptualizing hybrid tourism as a strategic lever for inclusive and sustainable territorial development in the Gulf region. It also provides actionable insights for policymakers aiming to balance economic growth with social inclusion and environmental sustainability.",,,,
R041,10.24922/eot.v6i2.53474,2019,E-Journal of Tourism,Motivation towards Inbound Tourism: A Study of Middle East Tourist,"This research discusses the motivation of Middle East Tourists who come and visit Pucak areas in West Java. Puncak is an area that has a cool climate with beautiful natural scenery located not far from Jakarta, the capital city of Indonesia. Middle East tourists are a potential market for Indonesian tourism. The ampunt of the expenditure is highest compared to other tourists who visiting Indonesia. And certainly for the locals it give impacts on the economy of the surrounding community. This study uses a descriptive quantitative approach, using questionnaires and literature studies in data collection and data analysis using linear regression. Data was collected from 100 inbound Middle East tourists who travel and visited Puncak Area. The Pearson correlation was used to find the relationship between push and pull factor motivation towards their visiting decision. ANOVA and T Test used to examine the indicators. The result shows that push and pull motivation influenced the visiting decision of inbound tourism, partially and simultaneously. Relaxation got the highest score in push motivation, meanwhile the environment and weather conditions dimension got the highest score on pull motivation. Keywords: Tourist Motivation, Push and Pull Motivation, Inbound Tourism, Puncak.",,,,
R042,10.1109/access.2024.3394905,2024,IEEE Access,Crowd Congestion Forecasting Framework Using Ensemble Learning Model and Decision Making Algorithm: Umrah Use Case,(no abstract in Crossref - decide on title),,,,
R043,10.3390/su18126245,2026,Sustainability,The Tourism–Energy–Trade Openness Nexus and Transport CO2 Emissions in the Middle East: Evidence from an ARDL Approach,"Environmental degradation has intensified alongside rising carbon emissions driven by economic expansion, energy consumption, and transport activities. In recent decades, Middle Eastern economies have experienced substantial growth in tourism, trade openness, and energy use, raising concerns about their environmental consequences. This study investigates the impact of tourism activity, energy consumption, and trade openness on transport-related CO2 emissions in ten Middle Eastern countries over the period 2000–2020. Data were obtained from the World Development Indicators (WDI) database of the World Bank. Using a panel autoregressive distributed lag (ARDL) framework, the analysis captures both short-run dynamics and long-run equilibrium relationships. To improve measurement robustness, tourism activity is proxied using two alternative indicators: international tourism expenditures (TEs) and international tourism receipts (TRs). The empirical results indicate that tourism activity and energy consumption significantly increase transport-related CO2 emissions in both the short and long run, while trade openness does not exert a statistically significant long-run effect. These findings suggest that tourism expansion and energy-intensive transport systems are key contributors to environmental pressure In the region, whereas the environmental impact of trade may be indirect or conditional. The study highlights the importance of integrating sustainable tourism policies and improving energy efficiency. In addition, it underscores the need to develop low-carbon transport strategies to support environmentally sustainable economic development in Middle Eastern economies.",,,,
R044,10.3390/su18063124,2026,Sustainability,Sustainable Destination Marketing in Saudi Arabia: Effects of Sustainability Storytelling and Smart Tourism Interactivity on Responsible Visit Intention via Destination Trust,"This study investigates the impact of sustainable destination marketing on enhancing tourists’ intention for responsible visitation in Saudi Arabia by fostering destination trust through two manageable digital levers: the quality of sustainability storytelling and the interactivity of smart tourism. Based on a trust-based S-O-R framework and supplemented by signaling and uncertainty reduction theories, the research posits that high-quality, credible sustainability narratives and responsive, two-way smart touchpoints serve as trust indicators that lead to enhanced responsibility-oriented intentions. An online survey of digitally engaged tourists and potential tourists (N = 420) was used to gather the data. We used SmartPLS, version 4.1.1.7 (SmartPLS GmbH, Monheim am Rhein, Germany), with bootstrapping (5000 resamples) to assess the measurement and structural models. The findings demonstrate that the quality of sustainability storytelling significantly predicts destination trust (β = 0.418, p < 0.001), as does smart tourism interactivity (β = 0.347, p < 0.001). Destination trust positively affects responsible visit intention (β = 0.318, p < 0.001) and partially mediates the impacts of storytelling quality (β = 0.133, p < 0.001) and interactivity (β = 0.110, p < 0.001) on responsible visit intention. The model elucidates 40.9% of the variance in destination trust and 40.6% in responsible visit intention, underscoring trust as a pivotal mechanism by which credible sustainability storytelling and efficient smart interactivity can promote more responsible visitation.",,,,
R045,10.47259/ijrebs.2025.634,2025,International Journal of Research in Entrepreneurship &amp; Business Studies,Revitalization of Oman’s Tourism Destinations through the Omani Youth’s Level of Engagement and Satisfaction with Technological Innovations,"Purpose: The aim of the study was to identify and describe the key technological innovations adopted within tourism destinations in Oman and understand the perceptions of Omani youth toward these innovations; to evaluate how technological advancements contribute to increasing youth engagement with tourism destinations across Oman and to analyze the relationship between youth satisfaction with technological tools and their engagement with tourism attractions, and to propose targeted strategies for enhancing technological experiences in the tourism sector. Design/methodology/approach: Primary data was collected through a self-designed questionnaire distributed to a sample of 100 Omani youth aged 18–30 using the snowball sampling technique. The questionnaire includes demographic questions, Likert-scale items, ranking questions, and open-ended questions to capture both quantitative measures of engagement and satisfaction and qualitative insights on challenges and opportunities in tourism technology. The collected data were analyzed in SPSS using descriptive statistics to summarize demographic information and participants’ responses, and regression analysis to explore the relationship between engagement levels and satisfaction with technological innovations. Findings: The study reveals that technological innovations significantly influence tourism promotion and youth engagement in Oman. Robotics, Virtual Reality, and the Metaverse show strong potential in attracting tourists, while technologies such as AI, Smart Cities, and IoT enhance satisfaction and engagement. Omani youth believe that advanced technologies are essential for Oman’s tourism competitiveness, and higher education levels are associated with improved satisfaction and involvement in revitalizing tourism destinations. Research Implications: The findings emphasize the growing relevance of advanced digital technologies in tourism innovation research. The study provides empirical evidence on how technology acceptance and youth engagement together contribute to sustainable tourism development. These insights enrich the theoretical understanding of technology-driven destination promotion and support future scholarly work exploring digital transformation, user perception, and innovation adoption in emerging tourism markets like Oman. Social Implications: The study highlights the critical role of Omani youth as digital ambassadors in promoting national tourism. Enhancing technological usability can foster greater community participation, improve tourist experiences, and strengthen national identity. By investing in digital skills and inclusive smart tourism initiatives, Oman can empower its youth, ensure increased employment opportunities, and drive socio-economic revitalization aligned with Vision 2040’s diversification goals. Originality / Value: This study is among the first to empirically link technological innovation acceptance with youth engagement in revitalizing tourism in Oman. By examining multiple emerging technologies simultaneously—Robotics, Metaverse, VR/AR, AI, IoT, and Smart Cities—it offers a unique multidimensional framework. The research contributes new insights relevant to digital tourism strategies in developing economies and informs policymakers on leveraging youth-led technological transformation. Keywords: Smart Tourism, Emerging Technologies, Youth Engagement, Technological Innovation Adoption, Destination Competitiveness, Digital Transformation in Tourism. JEL: Z32, O33, L83, M31, D83, Q01.",,,,
R046,10.1002/sd.70756,2026,Sustainable Development,"Hard, Green, and Heritage Infrastructure and Regional Tourism Spending in Saudi Arabia: Insights for Vision 2030 and SDG 11","ABSTRACT Tourism is a central pillar of Saudi Arabia's Vision 2030, with major investments in transport, urban regeneration, green spaces and cultural heritage. Yet little is known about how different dimensions of infrastructure jointly relate to the geography of tourism spending across the Kingdom's regions. This paper develops composite indices of hard tourism infrastructure, green infrastructure and cultural‐heritage infrastructure for the 13 administrative regions of Saudi Arabia using 2024 data from official national sources. It then examines how these indices are associated with regional tourism spending, controlling for population size and household income, and explores the spatial heterogeneity of these relationships through cluster analysis and an exploratory geographically weighted regression (GWR). The findings reveal a strong concentration of tourism spending in a small number of core regions, contrasted with a more even distribution of heritage and green assets. Population consistently emerges as the main driver of aggregate tourism spending, whilst infrastructure and heritage indices help to differentiate regional profiles and highlight untapped potential in several heritage‐ and nature‐oriented regions. The study contributes to debates on sustainable tourism and urban development by integrating hard, green and heritage infrastructure into a single analytical framework aligned with Sustainable Development Goal 11 (SDG 11). It discusses the implications for territorially differentiated tourism strategies and for monitoring the localization of SDG 11.4 and 11.7 within the broader Vision 2030 agenda.",,,,
R047,10.3390/admsci12040168,2022,Administrative Sciences,Fusion of Sustainability in the Tourism Industry for Improved Competitiveness: Investigation of Five-Star Hotels in Kuwait,"Examining the influence of adopting sustainability strategies on the competitiveness of five-star hotels operating in the State of Kuwait is the aim of this study. Sustainability strategies are represented by the responsibility towards four components, namely: the society, the employees, the environment, and the customers. The competitiveness variable is represented by hotels’ competitive advantage (cost, quality, flexibility, delivery, and creativity). The study is applied to the population of five-star hotels in the state of Kuwait (19 registered at the time of the study), and the final sample consisted of 294 hotel employees, and 360 hotel guests and customers totalling 654 observations. Responses were collected between November 2021 and January 2022 using an electronic questionnaire that was sent by email to hotels’ public relations managers for the hotel employees’ sample; and it was posted on several social media platforms and tourism forums for the customers’ sample. The findings indicate that five-star hotels in Kuwait are committed to sustainability implementation. The results of the regression model show a medium influential power of sustainability criteria in achieving a competitive advantage from both the employees’ and customers’ perspectives, indicating a statistical relationship between the variables. It is recommended that hotels should take advantage of the conclusions the study has reached in terms of the relationship between sustainability criteria and the achievement of a competitive advantage that would trigger favourable outcomes.",,,,
R048,10.33948/esj-ksu-17-2-8,2025,Journal of Economic Studies,"<b>Pilgrimage Tourism, Economic growth &amp; Energy consumption: Their Impact on Carbon Emission in Saudi Arabia</b> <b>السياحة الدينية، النمو الاقتصادي واستهلاك الطاقة: تأثيرها على انبعاث الكربون في المملكة العربية السعودية </b>",تركز رؤية المملكة العربية السعودية 2030 على التنويع الاقتصادي وتتضمن مبادرات لتعزيز تجربة الحج للسياح الدينيين مع تقليل انبعاثات ثاني أكسيد الكربون. ونظراً للتحديات البيئية التي تفرضها السياحة - وخاصة سياحة الحج - فإن الأبحاث حول تأثيرها على التغير البيئي محدودة. تتناول هذه الدراسة هذه الفجوة من خلال تحليل العلاقات بين انبعاثات ثاني أكسيد الكربون، واستهلاك الطاقة، والنمو الاقتصادي، وسياحة الحج في المملكة العربية السعودية، باستخدام بيانات السلاسل الزمنية السنوية من 1996 إلى 2022. استخدام نموذج تصحيح الخطأ المتجه (VECM) واختبار السببية جرانجر تؤكد النتائج وجود ارتباطات كبيرة طويلة المدى بين هذه المتغيرات. ويظهر اختبار يوهانسن للتكامل المشترك وجود صلة إيجابية بين استهلاك الطاقة ونمو الناتج المحلي الإجمالي، على الرغم من أن الزيادة في أعداد الحجاج الوافدين تؤثر سلبا على انبعاثات الكربون. وعلى وجه التحديد، مع زيادة مستويات ثاني أكسيد الكربون، ينخفض ​​نمو سياحة الحج بنسبة 0.07%، مما يشير إلى تأثير سلبي للتكامل المشترك. تشير نتائج VECM إلى أن النمو الاقتصادي وزيادة الوعي باستهلاك الطاقة يقللان من انبعاثات الكربون، مما يسلط الضوء على إمكانات اقتصاد الكربون الدائري (CCE) بما يتوافق مع اتفاق باريس وأهداف التنمية المستدامة (SDGs). ومع ذلك، لا تزال سياحة الحج تساهم بشكل كبير في انبعاثات الكربون. تقدم هذه النتائج آثارًا سياسية حاسمة لإدارة المخاوف البيئية ضمن إطار رؤية 2030,,,,
R049,10.3390/su18126295,2026,Sustainability,Tourism Transformation and Oil Price Dynamics in Saudi Arabia: An ARDL Analysis of Religious and Non-Religious Tourism,"This study provides strong evidence of structural asymmetries between religious and non-religious tourism demand in Saudi Arabia over the period 2015Q1–2024Q4. The unit root results indicate that all variables are integrated of order one, supporting the application of the ARDL framework. The bounds test confirms the existence of a long-run equilibrium relationship for both religious and non-religious tourism. However, the strength and determinants of these relationships differ across tourism segments, providing evidence of structural heterogeneity in tourism demand. The empirical findings show that global oil prices do not have a statistically significant direct effect on either tourism segment in both the short run and the long run, suggesting that their influence is indirect and transmitted through broader macroeconomic channels. In contrast, non-oil GDP exerts a positive effect on non-religious tourism and remains weakly significant in the long run, highlighting the critical role of economic diversification and sustained income growth under Vision 2030. Religious tourism, however, remains largely unaffected by economic growth, reflecting its institutional and policy-driven nature. The COVID-19 pandemic had a severe and persistent negative impact on tourism demand, with a more immediate and pronounced effect on religious tourism due to the suspension of Hajj and Umrah activities. Adjustment dynamics indicate that both tourism segments converge toward their long-run equilibrium following short-run shocks, although religious tourism exhibits a somewhat faster speed of adjustment. Diagnostic tests confirm that all econometric assumptions are satisfied, supporting the robustness and reliability of the results.",,,,
R050,10.31201/ijhmt.696185,2020,International Journal of Health Management and Tourism,AGRO TOURISM IN TURKEY,"Nowadays coastal tourism along with the various kinds of tourism has improved. One of those is agro tourism. It features the integration of agricultural areas and country culture. As a sustainable tourism it has an important role. Turkey must contribute to the agro tourism, which is hardly known, by introducing it. In this context, the aim of this study was to investigate the agro tourism issues and assess Turkey in this regard. The importance of the study is to show the shortcomings of Turkey's agro tourism. In this study, observation method was used, and data obtained from secondary sources were compiled. Consequently, government must stimulate to use the agricultural areas of Turkey for agro tourism. In Turkey alternative kinds of tourism must be developed. Agro tourism is essential for the improvement of local people and the area itself. This kind of tourism is important for both Turkish and international tourism. The ability of Turkey to contribute to agro tourism is rather sufficient so the potential of Turkey is great. The study is thought to enrich the literature on agro tourism.",,,,
R051,10.18092/ulikidince.442734,2019,Uluslararası İktisadi ve İdari İncelemeler Dergisi,RELIGION AND TOURISM IN TURKEY: AN ECONOMICALLY EMPIRICAL STUDY RELIGION AND TOURISM IN TURKEY: AN ECONOMICALLY EMPIRICAL STUDY*,"People prefer to consume products and services that do not violate their religious beliefs. On the other hand, this tendency has particularly influenced their preferences and activities in the spheres of banking, food, and tourism. The Halal concept, which is important for Muslims, is particularly salient in the context of tourism. This study examines the impacts Muslim tourists and non-Muslim tourists have on Turkey’s tourism income by using regression analysis. This study focuses on the period between 1996 and 2015. The study also compares the impacts Arab tourists and non-Arab tourists have on Turkey’s tourism income. The results reveal that Muslim tourists contribute less to Turkey’s tourism income than their non-Muslim counterparts. On the other hand, we have also found that Arab tourists contribute more to Turkey’s tourism income than non-Arab tourists.",,,,
R052,10.1016/j.jhtm.2019.11.003,2020,Journal of Hospitality and Tourism Management,Forecasting hotel room prices in selected GCC cities using deep learning,(no abstract in Crossref - decide on title),,,,
R053,10.55677/gjefr/10-2024-vol01e7,2024,Global Journal of Economic and Finance Research,"VECM Model Analysis of the Causality between Tourism, Foreign Direct Investment and Economic Growth in Tunisia","This paper aims to investigate the causality between tourism, foreign direct investment and economic growth in Tunisia over the period ranging from 1980 to 2018. Time series analysis techniques were used as an econometric tool in this chosen subject, namely, the Augmented Dickey- Fuller (ADF) test for verification of the presence of the root unit, the Engle-Granger test for the existence of cointegration and the Granger causality test for the determination of the causal relationships between the variables of the model. The results of this study have shown a positive relationship between tourism receipts, foreign direct investment and economic growth, and how these three variables are co-integrated of first order. In addition, at the significance level of 5%, there has been: (i) A bidirectional relationship between economic growth and tourism development, that’s mean, the economic growth can contribute to tourism development and vice versa; (ii) A unidirectional relationship between economic growth and foreign direct investment; (iii) Finally, a unidirectional relationship between tourism development and foreign direct investment. This study has also suggested that the government should focus on economic policies to further promote international tourism as a potential source of economic growth in Tunisia.",,,,
R054,10.55677/gjefr/02-2025-vol02e10,2025,Global Journal of Economic and Finance Research,"Shariah-Compliant Financial Services for Hajj and Umrah: Products, Challenges, and Policy Recommendations","Hajj and Umrah represent profound religious obligations for Muslims worldwide, yet escalating costs due to inflation, travel expenses, and post-COVID regulations have rendered them financially inaccessible for many, particularly low-income individuals in regions like Southeast Asia, the Middle East, and North Africa. This study explores Shariah-compliant financial services—such as Murabaha (cost-plus financing), Mudarabah (profit-sharing), Takaful (Islamic insurance), and savings plans—as viable solutions to enhance affordability and inclusivity. Employing a mixed-methods approach, including regression analysis, hypothetical simulations, surveys of 500 pilgrims, and interviews with 20 experts from Islamic financial institutions, the research evaluates product effectiveness, accessibility, and challenges. Findings reveal Murabaha as the most adopted and effective model, reducing financial burden by up to 3.8% through structured repayments, while Takaful provides essential risk protection but minimal cost savings (0.6%), and Mudarabah remains underutilized due to complexity. Key barriers include low financial literacy, regulatory gaps, and fraud, mitigated by technological innovations like the Nusuk app and blockchain. Policy recommendations emphasize strengthening regulatory frameworks, promoting financial education, subsidizing low-income pilgrims, and leveraging digital platforms to foster equitable access. Ultimately, this paper advocates for a sustainable, ethical Islamic finance ecosystem to enable all Muslims to fulfill their pilgrimage duties.",,,,
R055,10.1080/1528008x.2025.2599751,2025,Journal of Quality Assurance in Hospitality &amp; Tourism,A PLS – Neural Network Approach to Study Factors Influencing Gulf Cooperation Council Tourists’ Shopping Intention in Malaysia,(no abstract in Crossref - decide on title),,,,
R056,10.24288/jttr.1252689,2023,Journal of Tourism Theory and Research,The impact of tourism on carbon (CO2) Emissions: An empirical analysis of Turkiye,"The study aims to reveal the effects of developments in tourism on CO2 emissions in Turkey from 1984 to 2021. In this context, the relationship between CO2 emissions, tourism revenues (TR), and international tourist arrivals (ITA) was analyzed using the autoregressive distributed lag (ARDL) boundary test approach. The results indicate a significant long-term relationship between the variables. The findings reveal that tourism revenues have a decreased effect, and international tourist arrivals have an increased effect on CO2 emissions in the long run. These results suggest that Turkey needs stronger policies specifically for this subject.",,,,
R057,10.1080/1331677x.2021.1985577,2021,Economic Research-Ekonomska Istraživanja,"Investigating the nexus between CO 2 emissions, economic growth, energy consumption and pilgrimage tourism in Saudi Arabia",(no abstract in Crossref - decide on title),,,,
R058,10.1108/ijcthr-03-2017-0030,2018,"International Journal of Culture, Tourism and Hospitality Research",Study of international tourism demand in Middle East by panel data model,"Purpose The purpose of this paper is to study determining factors of international tourism demand in Middle Eastern countries. Design/methodology/approach Panel data pattern is used for data analysis of 1995 to 2013. Findings Results indicate variables like trade freedom index and gross domestic product (GDP) have positive and significant impact upon tourism demand of the countries of the region. Purchasing power parity (PPP) and GDP per capita are indicators which affect the tourism demand rate in Middle East negatively. Originality/value It is estimated that Middle East region will claim for the bulk of tourist arrivals in following years. Therefore, this study is vital for destination managers to plan for demand in future.",,,,
R059,10.21580/nw.2025.19.1.26704,2025,Nadwa: Jurnal Pendidikan Islam,Building Virtual Reality Hajj Journey Learning Media as a Simulation Tool for Teaching Hajj and Umrah Topics,"The need for more engaging Hajj and Umrah education highlights the limitations of conventional methods, such as lectures and printed manuals, which often lack experiential and spiritual depth. While Virtual Reality (VR) has become increasingly common in education, its use in religious ritual training, particularly for Hajj and Umrah, remains largely underexplored. This study aims to develop immersive learning media that allow users to practice Hajj and Umrah rituals interactively. The development of the VR-Hajj application followed the Research and Development (R&D) model by Lee and Owens, which includes five stages: analysis, design, development, implementation, and evaluation. The validation process involved experts who assessed the media’s content, usability, and instructional design. Data were analyzed using inter-rater agreement to determine consistency among expert evaluations, with results showing a high level of agreement. The Content Validity Index (CVI) was also used to assess overall validity, yielding a strong score of 0.83. Experts gave the VR-Hajj media an average rating of 91.54%, confirming its effectiveness and instructional relevance. These findings support VR-Hajj as a promising tool for improving Hajj and Umrah preparation through immersive Islamic learning. The study also proposes a future framework integrating VR and metaverse technologies to enhance accessibility and engagement. To expand its impact, further research should explore strategic partnerships with Islamic boarding schools (pesantren) to help deliver VR-based religious education more widely and inclusively",,,,
R060,10.1038/s41598-025-32509-6,2026,Scientific Reports,Predicting tourism growth in Saudi Arabia with machine learning models for vision 2030 perspective,(no abstract in Crossref - decide on title),,,,
R061,10.14505/jemt.v14.4(68).03,2023,Journal of Environmental Management and Tourism,The Contribution of Tourism Industry Cash Flows to Economic Growth “Middle East Evidence”,"This study aims to verify the extent to which the tourism sector contributes to economic growth measured by gross domestic income (GDP) in emerging countries. This study relied on the applied research method through correlation, simple and multiple regression. The study sample consisted of all tourism companies in Jordan. Quarterly Cash flows of tourism sector was traced from 2008-2021 and linked to GDP. The study reached the following conclusions, the simple regression confirmed the positive impact for all economic sectors including tourism sector on GDP; on the other hand, the multiple regression results for the joint influence of all sectors together on GDP only five sectors including tourism found with positive impact on GDP. Further evidence was found for the importance of tourism contribution to local income after excluding this sector from total earnings, the explanatory power of all sectors to GDP was decreased by 25%. The overall results of study recommended to give more attention to this sector in emerging economics particularly middle east countries.",,,,
R062,10.4236/tel.2018.89104,2018,Theoretical Economics Letters,Forecasting Hotel Prices in Selected Middle East and North Africa Region (MENA) Cities with New Forecasting Tools,(no abstract in Crossref - decide on title),,,,
R063,10.30892/gtg.27417-436,2019,GeoJournal of Tourism and Geosites,THE ROLE OF RELIGIOUS TOURISM IN SUSTAINABLE DEVELOPMENT IN SAUDI ARABIA: EVIDENCE FROM QUANTILE NON-CAUSALITY TEST,(no abstract in Crossref - decide on title),,,,
R064,10.1371/journal.pone.0328456,2025,PLOS One,Estimating CO2 emissions due to present and future suborbital space tourism industry,"Estimating and predicting CO 2 emissions are the keys to achieving the overall greenhouse gas emission goals for 2030 and 2050. Recent surges in space tourism have generated significant interest and concern. However, the associated CO 2 emission and potential future increase remain largely uncertain due to limited publicly available information from the industry. Focusing on suborbital flights, we develop an analytical model to estimate the associated CO 2 emissions, considering differences in spacecraft, fuel types, and flight characteristics. The model is based on basic physical principles and fundamental kinetics of the launching and landing phases. We find that suborbital tourism releases 400–1,000 times more CO 2 per passenger per hour compared with commercial aviation flights. The spacecraft using liquid hydrogen as fuel releases nearly the least amount of CO 2 ; however, it is still associated with 90–106 metric tons of indirect CO 2 emissions due to the fuel production process. In contrast, spacecraft using kerosene (RP-1) and solid fuel (HTPB), respectively, release significantly more. However, if methane (natural gas) is used as fuel, its emissions may become comparable with those using liquid hydrogen, but its maximum reduction in emission can only be less than 10% because that is the amount associated with production. Generally, conventional rocket fuels generate more CO 2 than emerging fuels such as hydrogen and methane. Even though the total emissions of suborbital flights are still small compared with commercial aviation, their emission intensity (i.e., per passenger per hour) is enormous (85–226 tons vs. 250 kg). If the demand for suborbital flights increases significantly, as some have speculated, the total annual emission can be as large as 21 Mt CO 2 per year in a decade, which exceeds the annual emission of more than 100 countries. Even adopting a conservative estimate, CO 2 emissions for suborbital travel can grow to a similar size to that of Congo (with a population of nearly 100 million). Therefore, the CO 2 emission from emerging suborbital travel needs more attention in the future.",,,,
R065,10.34021/ve.2020.03.04(2),2020,Virtual Economics,The Relation between Tourism and Economic Growth: A Case of Saudi Arabia as an Emerging Tourism Destination,"This paper examines empirically the relation between tourism and economic growth in Saudi Arabia. The authors try to justify how tourism contributes to the economic growth of Saudi Arabia. There are applied descriptive statistics, unit root test, VAR model and Granger Causality test as an econometric methodology to examine the connection between tourism and economic growth in Saudi Arabia for the annual data in the period from 1990 to 2018. The main empirical results of the study find out that tourism affects positively the economic growth in Saudi Arabia. Also, there is found a positive nexus among tourism and economic growth. Furthermore, CO2 emissions and financial development impact positively the tourism sector, while trade openness predicts a negative effect on tourism. Additionally, CO2 emissions, financial development, and trade openness have a positive impact on economic growth in Saudi Arabia. Finally, the Granger causality test provides evidence of bidirectional nexus between tourism and economic growth in Saudi Arabia. This paper contributes to the current research by explaining the causal nexus among tourism and economic growth in Saudi Arabia during the period from 1990 to 2018, applying a vector autoregressive model and Granger Causality.",,,,
R066,10.18488/31.v11i2.3808,2024,Journal of Tourism Management Research,The impact of tourism on sustainable development in GCC countries,"GCC nations are putting a premium on the tourism sector to diversify their economies. However, there is a lack of knowledge on the effects of tourism on sustainable development in these countries. This research aims to fill this gap by analyzing the short-run and long-run effects of international tourist arrivals on the three sustainable development pillars, i.e., economic, social, and environmental. GCC nations are putting a premium on the tourism sector to diversify their economies. However, in these countries, there is a lack of knowledge on the effects of tourism on sustainable development. The empirical investigation suggests the existence of significant long-run linkages between tourism and all sustainable development pillars. Moreover, the PMG-ARDL model shows mixed results regarding the impacts of tourism on sustainable development. First, tourism accelerates economic sustainability only in the short-run, while it promotes social sustainability, as represented by job creation, in the long-run. Furthermore, tourism deteriorates the ecological footprint in the short-run. However, it contributes to environmental sustainability in the long-run. Finally, the short-run country-specific analysis corroborates the previous results, suggesting that tourism improves economic sustainability but harms environmental sustainability in all countries. However, the effects of tourism on social sustainability reveal some short-term heterogeneity, as it boosts job creation in Saudi Arabia and Kuwait and reduces it in Oman and the United Arab Emirates. The findings of the present study have significant policy implications for achieving sustainable development goals in GCC. countries.",,,,
R067,10.3390/su17104272,2025,Sustainability,The Role of Tourism Development in Promoting Income Equality: A Case Study of GCC Countries,"In recent years, the importance of developing the tourism sector and diversifying income sources has grown in the Gulf Cooperation Council (GCC) countries. This paper estimates the impact of tourism industry development on income equality in the GCC region from the first quarter of 2014 to the fourth quarter of 2023. Furthermore, this paper evaluates the existence of the Kuznets curve and its implications for income distribution. To achieve these objectives, this study employs panel cointegration tests and the cross-sectionally augmented autoregressive distributed lag (CS-ARDL) model. The dataset combines quarterly data from the World Bank and national statistical agencies, including indicators such as tourism revenue, international arrivals, government effectiveness, and education expenditure (used as a proxy for income equality). The results indicate that tourism revenue (TOU) has a significant and positive long-run effect on income equality (0.14%). In the short run, the squared term of tourism revenue (TOU2) becomes significant and positive (0.01%), but the findings do not support the Kuznets curve hypothesis. Furthermore, the number of international travelers (TRAV) has a negative and significant effect in the long run, while government effectiveness (GE) is negative and significant in both the long and short run. A key limitation of the study lies in the use of education expenditure as a proxy for income equality, due to the unavailability of consistent inequality metrics across the GCC countries.",,,,
R068,10.64704/alarbaeen.202604020435,2026,alarbaeen,The seasonality of religious tourism and the impact of the Arbaeen pilgrimage on hotel occupancy in Karbala,"The religious tourism season in pilgrimage sites leads to concentrations of demand, the effects of which on the performance of the hospitality industry remain largely ununderstood, particularly in the context of Shi`a Islamic commemorations. This study examines the impact of the Arbaeen pilgrimage on hotel occupancy dynamics in Karbala, Iraq, using a multi- method design that combines five years` monthly occupancy data from twenty- seven registered commercial hotel with twenty -four semi- structured interviews with accommodation sector practitioners.Quantitative analysis reveals a distinctly asymmetrical seasonal structure, with the Arbaeen commemoration period consistently generating occupancy rates of 58.5 percent, compared to a summer low of 28.5 percent- a peak -trough difference in similar religious tourism destinations. One way ANOVA indicates substantial between period variations (F= 187.43,p < 0.001), and regression modelling shows that Arbaeen period classification alone explains for 68.1 percent of overall occupancy variance. The qualitative findings provide light on strategic variation in revenue management strategies, infrastructural deficiency, and the competitive dynamics between formal accomodation and informal mawkib hospitality networks. The research applied seasonality theory to an underexplored pilgrimage environment and provides empirically supported implications for destination management and hospitality policy in post conflict Iraq.",,,,
R069,10.63556/jotags.2026.1930,2026,Journal of Tourism &amp; Gastronomy Studies,"Türkiye'ye Yönelik Yabancı Turizm Talebinin Öngörülmesi: Reel Efektif Döviz Kuru, Mevsimsellik ve Makine Öğrenmesi Modelleri (Forecasting Foreign Tourism Demand for Türkiye: Real Effective Exchange Rate, Seasonality, and Machine Learning Models)","This study aims to forecast foreign tourism demand for Türkiye using machine learning methods and to assess the role of the real effective exchange rate and seasonality in the forecasting process. Monthly data covering the period 2005:M1–2025:M12 are employed. The number of foreign visitors is used as the dependent variable, while the real effective exchange rate, unemployment, inflation, economic growth, and population growth are included as explanatory variables. Monthly seasonality is represented through sine and cosine transformations. Random Forest, Gradient Boosting, and Multilayer Perceptron models are compared in forecasting tourism demand. For the 2023:M1–2025:M12 test period, Gradient Boosting produces the lowest forecast errors, with an MAE of 675,351.02 and an RMSE of 798,635.93. The findings indicate that foreign tourism demand for Türkiye exhibits a strong seasonal pattern and can be effectively forecast using machine learning techniques. For the forward-looking analysis, the Gradient Boosting model is employed under baseline, favorable, and unfavorable real effective exchange rate scenarios. Under the baseline scenario, annual foreign visitor arrivals are projected to remain at approximately 53.6–54.1 million during 2027–2030. Overall, the results highlight the importance of jointly considering macroeconomic conditions, price competitiveness, and seasonal dynamics in forecasting international tourism demand.",,,,
R070,10.3390/su17115058,2025,Sustainability,Sustainable Tourism and Its Environmental and Economic Impacts: Fresh Evidence from Major Tourism Hubs,"This study probes the complex interplay between tourism development (TDI), economic growth (GDP), and environmental sustainability, focusing on the ten most influential tourism nations: China, France, Italy, the United Kingdom, Mexico, Germany, Turkey, Spain, the United States, and Russia, covering the time from 1994 to 2023. This study uses feasible generalized least squares (FGLS) and Two-Stage Least Squares (2SLS) together with Driscoll–Kraay (DK) and panel quantile regression (PaQR) to examine the environmental as well as economic effects of TDI combined with trade openness (TOPE), foreign direct investment (FDI), energy prices (EPS), and population density (POPD). All models show that tourism development, indicated by TDI, and economic growth increase carbon emissions, demonstrating these variables’ adverse environmental impact. Energy prices, trade openness, and foreign direct investment lead to decreased emissions because these factors help promote energy-efficient clean technology. Furthermore, GDP growth positively influences TDI, while excessive carbon emissions negatively impact the appeal of tourism. The results indicate the need for sustainable tourism policies and investment in clean energy and green infrastructure, aligned with SDG 9, to foster innovation in energy-efficient practices and infrastructure. The research also supports SDG 13 by advocating climate-resilient tourism models and policies that decouple economic growth from environmental degradation. By adopting various advanced econometric approaches, this study provides strong evidence on the relationship between tourism, the macroeconomy, and environmental results. It offers fresh insights on how to achieve the growth of tourism and climate protection at the world’s top tourist destinations.",,,,
R071,10.3390/su18115503,2026,Sustainability,Machine Learning-Based Tourism Demand Prediction Using Tourism Instability Indicators,"This study presents a data-driven framework for analyzing the relationship between geopolitical risk and tourism demand using the Saudi Arabia Tourism Dataset (2015–2024). Due to the absence of explicit geopolitical indicators, the research constructs a tourism-instability proxy index derived from tourism volatility, spending fluctuations, and disruption periods to represent uncertainty conditions affecting tourism demand, including volatility in tourist arrivals, spending fluctuations, and shock indicators such as disruption periods. A two-stage machine learning pipeline is implemented to (i) predict the engineered GRI and (ii) evaluate its impact on tourism demand, measured by tourist numbers. Five algorithms—Extra Trees, Gradient Boosting, AdaBoost, K-Nearest Neighbors, and Ridge Regression—are applied and evaluated using MAE, RMSE, and R2. In Stage 1, predicting the GRI remains challenging, with the best model (Extra Trees) achieving R2 = 0.184, MAE = 0.168, and RMSE = 0.209, reflecting the complexity of modeling indirectly constructed risk. In Stage 2, performance improves significantly, with Extra Trees achieving R2 = 0.577, MAE = 1120.57, and RMSE = 2749.10, demonstrating strong predictive capability. The findings suggest that instability-sensitive tourism indicators may contain predictive information associated with tourism demand variations. Compared to existing studies that rely on external risk indices or normalized datasets, this research contributes a novel approach by engineering risk directly from tourism data and validating its predictive influence. The proposed framework provides practical insights for policymakers and tourism planners in managing uncertainty and supporting sustainable tourism development under dynamic geopolitical conditions.",,,,
R072,10.1007/s11356-023-25545-0,2023,Environmental Science and Pollution Research,"Economic growth, foreign investment, tourism, and electricity production as determinants of environmental quality: empirical evidence from GCC region",(no abstract in Crossref - decide on title),,,,
R073,10.3390/su152215924,2023,Sustainability,Forecasting the Tourist Arrival Volumes and Tourism Income with Combined ANN Architecture in the Post COVID-19 Period: The Case of Turkey,"Accurate forecasting of tourism demand and income holds paramount importance for both the tourism industry and the national economy. This study aims to address several objectives: (1) specify the best forecasting model in the prediction of tourist arrival volumes and tourism income for Turkey; (2) assess the degree of impact exerted by various determinants on the tourism forecasts; (3) generate forecasts for tourist arrival volumes and tourism income using the most suitable models; and (4) examine potential scenarios illustrating the ramifications of the Russia-Ukraine war on tourist arrival volumes and tourism income. The forecasting models employed in this study encompass a comprehensive set of statistical methods, including ETS, ARIMA, TRAMO-SEATS, X13, X11, STL, Grey, and their combinations with ANN. In the ANN models, exogenous variables such as the global financial crisis, the Turkey-Russia warplane crash crisis, the COVID-19 pandemic, and USD/TRY exchange rates are incorporated. The results unveil the identification of five superior models: ETS, Grey, hybrid ETS-ANN, hybrid Grey-ANN, and hybrid ARIMA-ANN models, which exhibit the lowest MAPE and sMAPE values. Forecasts for the forthcoming quarters are examined under two scenarios: assuming the continuity or cessation of the Russia-Ukraine war. Comparative analysis of the relative effects of exogenous variables indicates that COVID-19 has the most substantial impact on tourist arrival volumes, and tourism income is primarily influenced by the USD/TRY exchange rate.",,,,
R074,10.18089/tms.2022.180302,2022,Tourism &amp; Management Studies,Effect of internal corporate social responsibility activities on tourism and hospitality employees’ normative commitment during COVID-19,"The purpose of this research is to explore the extent to which internal corporate social responsibility activities affect employees’ normative organizational commitment during the COVID-19 crisis and to survey the role of the administrative level as a moderator between the two of them. A survey in the form of a self-completed questionnaire was conducted on a sample of employees in hospitality and tourism establishments in Hail city, Kingdom of Saudi Arabia. 213 employees voluntarily participated in the current study. Their responses were examined by using linear regression and exploratory factor analyses. The findings revealed that internal corporate social responsibility is a positive predictor of normative organizational commitment. The total effect of internal corporate social responsibility on normative organizational commitment could not be enhanced through the moderation of the administrative position. This study has important implications for both academics and professionals. Theoretical and managerial implications, contributions, limitations, and future study objectives were reviewed in light of the findings.",,,,
R075,10.61132/wjilt.v2i3.434,2025,World Journal of Islamic Learning and Teaching,Digital Books as Learning Media for Islamic Religious Education on Hajj and Umrah Material for Middle School Students,"Digital books are a transformation from printed books into digital media that can be accessed through devices such as computers, tablets, or smartphones. Digital books not only display text but can also contain multimedia elements such as images, audio, video, animations, and interactive quizzes. This makes the learning process more engaging and less monotonous. In the context of learning Hajj and Umrah material, digital books can display simulations of Hajj rituals, videos of worship in the Holy Land, and maps of Hajj and Umrah journeys, all of which can strengthen students' understanding. This study aims to explore the use of digital books as a learning medium for Islamic Religious Education (PAI) on Hajj and Umrah material at the Junior High School (SMP) level. Digital books are considered capable of overcoming the limitations of conventional learning media, which are static and less interactive. By utilizing multimedia elements such as manasik simulations, videos, prayer audio, interactive maps, and educational quizzes and games, digital books provide a more contextual, visual, and enjoyable learning experience. In addition, advantages in terms of accessibility, portability, and the ability to be adapted to students' learning styles make digital books relevant to the demands of 21st-century learning. The implementation of digital textbooks in learning was carried out through online, face-to-face, and blended learning models. Effectiveness evaluations included improvements in students' conceptual understanding, learning motivation, and digital skills. The study results indicate that digital textbooks play a significant role in improving the quality of Islamic Religious Education (PAI) learning, particularly on the topics of Hajj and Umrah, and supporting digital transformation in education.",,,,
R076,10.1108/jtf-10-2024-0219,2026,Journal of Tourism Futures,Forecasting inbound tourist arrivals to Iran post-COVID-19 pandemic: a small data approach using grey models,"Purpose This study aims to apply and compare various grey forecasting models to forecast the number of inbound tourists to Iran from 2024 to 2026, using data from 2020 to 2023. The goal is to identify the most accurate model for forecasting post-COVID-19 tourism trends, thereby aiding policymakers and industry stakeholders in strategic planning. Design/methodology/approach Six grey forecasting models: GM (1,1), RGM (1,1), Unbiased GM (1,1), modified unbiased GM (1,1), DGM (1,1) and Grey Verhulst, were implemented using Python programming. Given the challenges posed by the COVID-19 pandemic, which rendered previous historical data invalid, the models are selected to work effectively with the small data available for the post-pandemic period. The performance of these models was evaluated based on their forecasting accuracy, utilizing mean absolute error (MAE), root mean square error (RMSE) and mean absolute percentage error (MAPE). Findings The GM (1,1) model demonstrated the highest forecasting accuracy, with the lowest MAE and RMSE, and, making it the most suitable model for forecasting inbound tourist numbers in this study. In contrast, the DGM (1,1) model showed a tendency to overestimate future arrivals, reflected in its high error metrics. Originality/value This study offers a novel application of grey forecasting models in the tourism sector, focusing on forecasting inbound tourist arrivals during the post-COVID-19 era, a period marked by significant uncertainty and limited data. By comparing six advanced grey forecasting models, this research demonstrates their capability to address small data challenges in tourism forecasting. The findings provide a solid foundation for model selection and broaden the application of grey models within the tourism industry, delivering valuable insights for researchers and practitioners tackling similar forecasting challenges.",,,,
R077,10.24114/cess.v7i2.33959,2022,"CESS (Journal of Computer Engineering, System and Science)",Forecasting Room Occupancy Rates Based on Hotel Class in Bali Using the ARIMA Method,"Bali merupakan destinasi wisata di Indonesia yang diminati oleh wisatawan dan didukung oleh ketersediaan hotel yang memadai. Covid-19 yang melanda dunia termasuk Bali telah mengakibatkan tingkat penghunian kamar (TPK) hotel mengalami penurunan drastis. Oleh karena itu, perlu upaya untuk kembali menaikkan rata-rata TPK hotel. Salah satu langkah awal yang yang diharapkan mampu berkontribusi dalam upaya ini adalah dengan melakukan peramalan TPK hotel. Hasil peramalan dengan metode ARIMA diperoleh hasil bahwa pada hotel bintang lima, model terbaik yang diperoleh yakni model ARIMA (0,1,1) dengan MSE sebesar 39,65% dan MAPE sebesar 80,83%. Pada hotel bintang empat, model terbaik yang diperoleh yakni model ARIMA (1,0,2) dengan MSE sebesar 24,14% dan MAPE sebesar 60,14%. Pada hotel bintang tiga, model terbaik yang diperoleh yakni model ARIMA (1,0,0) dengan MSE sebesar 25,57% dan MAPE sebesar 59,11%. Pada hotel bintang dua, model terbaik yang diperoleh untuk model ARIMA (1,0,0) dengan MSE sebesar 15,15% dan MAPE sebesar 70,14%. Model ARIMA (1,0,1) pada hotel bintang dua menghasilkan MSE sebesar 13,29% dan MAPE sebesar 68,00%. Pada hotel bintang satu, model terbaik yang diperoleh yakni model ARIMA (1,0,0) dengan MSE sebesar 23,73% dan MAPE sebesar 431,12%. Model ARIMA (1,0,1) pada hotel bintang satu menghasilkan MSE sebesar 19,49% dan MAPE sebesar 555,28%.",,,,
R078,10.30892/gtg.662spl37-1798,2026,Geojournal of Tourism and Geosites,THE INFLUENCE OF THE DIVERSITY OF TOURIST REGIONS ON THE CHOICE OF TOURIST DESTINATIONS IN SAUDI ARABIA,"The objective of this study is to empirically examine the influence of the diversity of tourist regions on destination choices in Saudi Arabia within the context of Vision 2030. The research is based on the observation that the natural, cultural, and infrastructural diversity of Saudi regions constitutes a strategic lever for attracting domestic and international tourists and strengthening the country's tourism competitiveness. Methodologically, the study adopts a quantitative approach based on econometric analysis and a structural equation model. The data are obtained from both secondary sources covering the period 2010–2024, and a questionnaire survey administered to 1024 tourists who had visited at least one Saudi region. The empirical results show that regional diversity has a positive and significant effect on the choice of tourist destinations, and that this effect is partially mediated by the perceived quality of tourist infrastructure and services. Furthermore, regional promotion and public policies supporting tourism moderate the relationship between regional diversity and destination choice, enhancing the visibility and attractiveness of lesser-known regions. The originality of this research lies in its dual contribution: firstly, it develops an analytical framework integrating regional diversity as a major determinant of tourist choice behavior in an emerging context; secondly, it offers a novel empirical application to the case of Saudi Arabia, in line with the economic an d territorial diversification ambitions of Vision 2030.",,,,
R079,10.3390/economies9030117,2021,Economies,The Role of Tourism in Economic Growth: Empirical Evidence from Saudi Arabia,"Tourism is vital to the success of many economies worldwide and has been a widely researched area for many years. Unfortunately, an insufficient number of studies have been conducted on this subject in the context of Saudi Arabia. Therefore, this research investigates the role of tourism in promoting economic growth in the Kingdom of Saudi Arabia by using annual time series data from 2003 to 2019. The study uses basic statistics, correlation coefficients, the unit root test, the Johansen co-integration test, the co-integration regression test and the Granger causality test to check the relationship between tourism and economic growth. The results show that economic growth has a long-run relationship with tourism receipts, tourism expenditures and the number of tourist arrivals; the number of tourist arrivals has a strong relationship with economic growth, compared to other parameters. The empirical results validate the concept that tourism promotes economic growth in the kingdom of Saudi Arabia.",,,,
R080,10.21511/ppm.24(2).2026.09,2026,Problems and Perspectives in Management,Innovation and sustainability drivers of post-COVID tourism and hotel recovery in Jordan: Evidence from 2010–2024,"Type of the article: Research ArticleAbstractThis study examines how innovation and sustainability influence the recovery of Jordan’s tourism and hotel sector, and whether their combined effect accelerates recovery beyond separate contributions. Annual data for 2010–2024 are compiled from the United Nations World Tourism Organization, the World Bank World Development Indicators, the Jordan Ministry of Tourism and Antiquities, the Global Innovation Index, and the Environmental Performance Index. A recovery index tracks sector performance relative to the 2019 baseline, while conditions are controlled using gross domestic product per capita, inflation, and exchange rate stability. Fixed-effects regression results indicate that innovation is positively associated with recovery (coefficient 0.41, probability value 0.001), and sustainability is positive and statistically significant (coefficient 0.34, probability value 0.032). The interaction between innovation and sustainability is positive and statistically significant (coefficient 0.48, probability value 0.009), showing complementarity: innovation yields larger recovery gains when sustainability performance is stronger. Exchange rate stability supports recovery (coefficient 0.19, probability value 0.021), and the model explains variation in outcomes (adjusted coefficient of determination 0.72). Robustness checks with alternative specifications confirm stable coefficient signs and significance. The findings support policy packages that align innovation investment with sustainability improvements to strengthen resilience and speed recovery in Jordan for long-term competitiveness.",,,,
R081,10.52133/ijrsp.v6.71.6,2025,International Journal of Research and Studies Publishing,Enhancing Risk Management in Events by Providing AI-Risk Assessment Framework,"The Kingdom of Saudi Arabia has emerged as a global hub for large-scale events, driven by Vision 2030's strategic goals to diversify the economy and position the nation as a leading destination for tourism, culture, and business. These events showcase Saudi Arabia’s rich cultural heritage and progressive identity and also play a pivotal role in fostering economic growth and international recognition. Nevertheless, the increasing complexity and scope of these events have exposed substantial deficiencies in conventional risk management strategies, which frequently lack the predictive capabilities, scalability, and agility necessary to confront contemporary challenges. This study suggests a conceptual framework that optimizes risk management in the events sector by utilizing cutting-edge technologies, including artificial intelligence (AI), the Internet of Things (IoT), and real-time analytics. The study identifies user requirements and preferences by utilizing a User-centered Design (UCD) approach and Action Research Methodology to gain insights from key stakeholders, such as risk managers, event organizers, and technology professionals. The results underscore the significance of collaborative tools, AI-powered decision-making, customizable features, and dual-format accessibility in the promotion of proactive risk management. While this research does not offer a fully operational framework, it offers practical suggestions for the creation of innovative solutions that enhance safety, efficiency, and inclusivity in the planning and execution of events. The suggested framework establishes a basis for future advancements, tackling practical issues while conforming to Saudi Arabia's aspiration to emerge as a global leader in the events industry.",,,,
R082,10.55677/ijssers/v03i3y2023-20,2023,INTERNATIONAL JOURNAL OF SOCIAL SCIENCE AND EDUCATION RESEARCH STUDIES,Forecasting the Tourism Demand of Türkiye Using Artificial Neural Network (ANN) Approach,"Modelling and forecasting the tourism demand is an important research area for both public and private sectors for planning the travel and accommodation facilities in advance. Therefore, modelling the tourism demand in terms of the number of tourists is an active research area for both tourism, economics and financial studies. In this work, the tourism demand of Türkiye is modelled using artificial neural network methods. The tourism demand represented by the number of tourists is taken as the dependent variable while the past values of the number of tourists is considered as the inputs. Furthermore, the tourism revenue is also modelled employing the same autoregressive artificial neural network approach. Monthly data in the period of 2008-2022 which are taken from the official sources are used as the research material. The multilayer perceptron type artificial neural networks with nonlinear neural activation functions is selected for the accurate modelling of the highly seasonal tourism demand data. The modelling and forecasting results show that the developed artificial neural network reaches high accuracy for modelling both the tourism demand and the tourism revenue such that the coefficient of determination of the developed artificial neural network models have the values of R2=0.949 and R2=0.840 for the tourism demand and tourism revenue, respectively, providing an objective assessment of the accuracy of the developed models. It is concluded that the multilayer perceptron based artificial neural network methods can be used to model the tourism demand therefore this type of modelling is expected to be helpful for tourism planners by providing them the tourism demand forecast in advance.",,,,
R083,10.1016/j.aej.2025.12.032,2026,Alexandria Engineering Journal,Predictive analysis of Hajj and Umrah performance using key performance indicators (KPIs) and machine learning (ML),(no abstract in Crossref - decide on title),,,,
R084,10.3390/su11071907,2019,Sustainability,"Residents’ Perceptions and Satisfaction toward Tourism Development: A Case Study of Petra Region, Jordan","This study investigates whether local residents’ sociodemographics and community attachment can influence their perceptions toward the impact of tourism (economic, environmental, and sociocultural effects) and, further, whether these perceptions influence their satisfaction with local tourism management. The perceptions of 467 residents were surveyed from six communities in the region of Petra, Jordan. The results of a regression analysis indicate that the respondents’ sociodemographics and community attachment influence their perceptions of the impacts of tourism. Gender and distance from tourist sites are found to be very important factors that influence local residents’ perceptions. In addition, the perceived economic impact is the most important aspect for these respondents, and perceived negative impacts do not significantly influence their satisfaction. Suggestions for future studies in the region and possible implications are discussed.",,,,
R085,10.5339/jist.2025.12,2025,Journal of Information Studies &amp; Technology (JIS&amp;T),Utilizing information technology to address challenges in Hajj and Umrah: A narrative review,"The management of crowds during the Hajj and Umrah pilgrimages is a multifaceted challenge due to the massive influx of pilgrims to sacred sites in Makkah and Madinah, Saudi Arabia. With millions of pilgrims visiting these sacred sites, Saudi Arabia has adopted a variety of smart solutions to ensure safety, efficiency, and comfort. Radiofrequency identification is central to these efforts, enabling real-time tracking and access to personal data for security and service delivery. The integration of Internet of Things devices and the Global Positioning System allows for continuous monitoring, emergency response, and smooth navigation. Surveillance systems enhanced with computer vision and convolutional neural networks enable real-time video analysis, early congestion detection, and facial recognition. Big data analytics processes multisource data to optimize crowd flow and transportation. Artificial intelligence–driven smartphone applications and social media platforms support communication and multilingual engagement. Wearable technologies like Hajj Bracelets track health status and trigger emergency alerts. Collectively, these innovations significantly improve crowd control, safety, and the overall pilgrimage experience. Furthermore, technologies have broader implications for global crowd management in other large-scale events. The successful application of AI, the Internet of Things, and real-time systems marks a paradigm shift in managing large gatherings, aligning with the broader vision of smart and secure public event planning.",,,,
R086,10.3390/su14137834,2022,Sustainability,"Environmental Impact of Urbanization, Bank Credits, and Energy Use in the UAE—A Tourism-Induced EKC Model","The United Arab Emirates (UAE) has developed rapidly into one of the highest per capita income nations globally. The travel and tourism sector is a central contributor to the Gross Domestic Product (GDP), employment, foreign exchange earnings, and the country’s economic diversification strategy. However, the rapid growth of the sector and increase in international tourist arrivals are also major contributors to carbon emissions and long-term environmental challenges. In this context, we employed a tourism-induced Environmental Kuznets Curve (EKC) model for the UAE from 1984 to 2019. The study applied an Autoregressive Distributed Lag (ARDL) model to determine the marginal impact of tourist arrivals and related variables, namely, bank credits to the private sector, urbanization, and energy use, on CO2 emissions. The Pesaran bounds test indicated redundancy of short run estimates. The long-run coefficients confirmed the EKC hypothesis of inverted U-shape for carbon emissions and per capita income, along with environmental degradation due to tourist arrivals and financial development. Notably, urbanization and energy use highlighted the positive steps taken by the government. Granger causality tests indicated a unidirectional association from GDP, bank credits, and energy consumption to carbon emissions. Importantly, tourist arrivals and urbanization had bidirectional causality with carbon dioxide levels. This study is the first to apply the tourism-induced EKC model to the UAE, and the findings have important implications for policymakers and practitioners. The causality results highlight the need to balance tourism targets and sustainable economic growth through the adoption of ‘green’ standards. The results also indicate the potential importance of financial sector efforts to boost green investments and implement clean energy-related technologies.",,,,
R087,10.3727/154427320x15828792518754,2020,Tourism in Marine Environments,An Analytical Approach to Cruise Tourism As an Option For Development: a Case Study of the Sultanate of Oman,"The objective of this study was to measure the level of cruise tourists' satisfaction as well as the relationship between satisfaction, recommendation, return intention, and expenditure. Also, the impact of factors such as nationality, length of the visit, and age on the level of expenditure was measured. An empirical approach for data collection was followed and a total of 152 questionnaires were collected from cruise tourists visiting the capital city of Oman, Muscat, as cruise liners anchor at Sultan Qaboos Port. Results of the regression analysis supported the existence of a causal relationship between satisfaction with destination attributes, overall satisfaction, recommendation, return intention, and expenditure. It was found that the average expenditure varies according to age and length of the visit. Recommendations for policy makers were suggested on how to increase the role of cruise tourism in strengthening the economy.",,,,
R088,10.47747/ijmhrr.v5i2.1705,2024,International Journal of Marketing &amp; Human Resource Research,"The Influence of Service Quality, Prices, and Promotions on the Satisfaction of Pilgrims on Hajj and Umrah Destinations at the Hajj and Umrah Travel Agency PT. Pandi Kencana Murni","This research aims to determine the influence of Service Quality, Price, and Promotion on Umrah Pilgrim Satisfaction at the Hajj and Umrah Travel Bureau PT. Pandi Kencana Murni (Pakem Tours). The sampling technique in this research used the Cluster Sampling technique by taking samples from representatives of the Pakem Tours Palembang, Jakarta, and Makassar branch offices as many as 198 people. The research method used is associative research using primary data obtained from the results of questionnaire answers. The analysis technique used is Multiple Linear Regression. This research shows that simultaneously, there is a positive and significant influence of Service Quality, Price, and Promotion on the Satisfaction of Umrah Pilgrims at the Hajj and Umrah Travel Bureau PT. Pandi Kencana Murni (Pakem Tours). Partial testing shows a positive and significant influence of Service Quality and Price on Congregation Satisfaction at the Hajj and Umrah Travel Bureau PT. Pandi Kencana Murni (Pakem Tours). Partially there is a positive and insignificant effect and no effect of Promotion on Umrah Pilgrim Satisfaction at the Hajj and Umrah Travel Bureau PT. Pandi Kencana Murni (Pakem Tours).",,,,
R089,10.14505//jemt.v12.2(50).29,2021,Journal of Environmental Management and Tourism,The Contribution of Tourism to Economic Growth: The Case of Qatar,"Most of the Gulf Cooperation Council (GCC) countries’ wealth was attributed to revenues generated from oil and gas exports. However, with the fluctuation of oil demand and prices, leaders of GCC countries acknowledged the importance of economic diversification to reduce their dependence on oil exportation and allow for revenue generation from non-energy sectors. As a result, GCC countries, including Qatar, have witnessed rapid development in the tourism sector. The Qatari government commenced several local and intra-regional development plans, which promised more inflow of tourists both from GCC countries and other countries. Yet, impacted by the GCC crisis, the total number of visitors to Qatar noticeably decreased. These changes raise unanswered questions on whether the investment in the tourism sector can create a sustainable non-energy source of revenue. Since little attention has been paid to this issue, this paper contributes to the current understanding of the issue by examining the contribution of tourism to economic growth in Qatar. Using annual data from 1995 to 2018 and employing an Autoregressive Distributed Lag (ARDL) model, the paper tested whether the Tourism-Led-Growth Hypothesis (TLGH) is valid for the case of Qatar. Results suggest that tourism does not have a statistically significant impact on economic growth in the short-run. However, it has a statistically significant impact in the long-run, such that every 10 percent increase in tourist visits causes a 3 percent increase in GDP growth. The results suggest that the investment efforts in the tourism sector should continue to stimulate economic growth and development and diversify the economy away from the energy sector.",,,,
R090,10.30519/ahtr.765394,2020,Advances in Hospitality and Tourism Research (AHTR),A Comparative Study on Modelling and Forecasting Tourism Revenues: The Case of Turkey,"Tourism revenues have important implications for tourism countries in terms of management of tourism-related policies. In order to accurately direct production planning, pricing, promotion and strategic marketing programs, labor and capital resources, accurate and reliable forecasts are needed. Forecasting the developments in tourism with scientific basis methods is an important guide for central and local public administration programs and tourism operators. When reviewing the literature, comparative studies on modeling and forecasting tourism revenues using Artificial Neural Networks (ANNs) are limited and this paper aims to fill this gap. Based on the gap seen in the literature, the purpose of this study is to develop the optimal forecasting model that yields the highest accuracy when compared the forecast performances of three different methods namely Exponential Smoothing, Box-Jenkins and ANNs for forecasting Turkey’s tourism revenues. Forecasting performances of the models were measured by MAPE statistics. As a result of the analyses performed, it was found that ANN Model with [4:5:1] architecture was the best one among the all models applied in this study.",,,,
R091,10.30892/gtg.50403-1121,2023,GeoJournal of Tourism and Geosites,PERCEPTION OF LOCAL COMMUNITY TOWARDS TOURISM DEVELOPMENT: A STUDY ON RURAL TOURISM SITES OF JORDAN,"Tourism is one of the most effective solutions for overcoming poverty in rural areas. Jordan has many renowned tourist attractions situated in urban and rural areas. Tourism plays an integral role to boost the national economy of Jordan. In an increasingly globalized society, rural tourism is expected to rise, thus it is important to examine how the locals feel about tourism development. The study aims to examine how the locals in the rural areas of Jordan's Ajloun and Jerash governorates perceive the effects of tourism development. For the analyses, 395 households of data were used. Residents' attitudes toward the development of tourism have been evaluated using multiple regression along with descriptive statistics, both positively and negatively. IBM AMOS 22.0 has been used to complete the statistical analysis. The results indicated that tourism in the selected villages is in the pre-development stage and respondents strongly supported the development of the tourism industry because it creates jobs, attracts investment, and increases the value of agricultural products by creating a market. However, respondents expressed little concern about the adverse effects, such as the loss of traditional value, environmental degradation, pollution, and traffic congestion.",,,,
R092,10.55908/sdgs.v11i11.1639,2023,Journal of Law and Sustainable Development,Challenges Facing Tourism for People with Disabilities (Accessible Tourism) in the Kingdom of Saudi Arabia,"Objectives: The purpose of this research was to investigate the barriers to accessible tourism for individuals with disabilities in the Kingdom of Saudi Arabia. It also demonstrated disparities in the research sample's answers based on gender, kind of handicap, nature of the visit, and location. Methods: The survey approach was employed to reach the study's aim. The researchers constructed an ""electronic questionnaire"" as the study tool. After verifying the implications of its validity and reliability in the Saudi context, the questionnaire consisted of (29) items distributed in four domains: personal challenges related to the tourist himself, social challenges, economic challenges, and circumstantial challenges related to the tourist site. It was used on a sample of 201 disabled male and female respondents (sight-impaired, hearing-impaired, and motor-impaired). The stratified random approach was used to choose the sample from three locations in the Kingdom of Saudi Arabia's south (Najran, Jazan, and Asir). Results: The results revealed that the difficulties of accessible tourism for individuals with disabilities in the Kingdom of Saudi Arabia were high. According to the replies of the study sample members, there are statistically significant variations in the obstacles facing tourism for persons with disabilities (accessible tourism), related to the type of disability variable and in favor of motor impairment. Furthermore, variances in the variable of the type of the visit favored the individual visit, whereas no statistically significant differences showed in the variables of gender and area. According to the report, the Saudi government and the Tourism and Leisure Authority should take comprehensive initiatives and measures to enhance accessible tourism and modernize its services and facilities. These services are compatible with the requirements and needs of people with disabilities, regardless of their types of disabilities, individual differences, goals, and nature of the visit to reach universality.",,,,
R093,10.64753/jcasc.v10i3.2758,2025,Journal of Cultural Analysis and Social Change,Climate and Tourist Location in Saudi Arabia: A Spatial and Econometric Analysis of the Climatic Determinants of Tourist Area Selection,"The objective of this research is to empirically analyze how climatic factors influence the choice and spatial distribution of tourist areas in Saudi Arabia over the period 2005–2024. This study adopts a multidimensional perspective linking climatology, spatial economics, and tourist behavior. Methodologically, the work employs a spatial panel model and a discrete choice model to assess the direct and indirect effects of climatic variables—including average temperature, number of extreme days, humidity, rainfall, and sandstorms—on regional and seasonal tourist flows. The data used come from the Saudi Tourism Authority, the ERA5 and WorldClim climate databases, and environmental statistics from the Ministry of Environment. Preliminary empirical results indicate a non-linear relationship between climatic conditions and tourist activity. Coastal and mountainous areas exhibit a positive elasticity to thermal comfort, particularly during the cooler season (November–March), while desert areas experience a significant drop in visitor numbers during the months of extreme heat. Simulations under future climate scenarios (RCP 4.5 and 8.5) suggest a gradual shift in demand towards higher-altitude regions and a shortening of the summer tourist season. Furthermore, the spatial dependence observed in the SAR and SDM models confirms the presence of neighborhood effects: the dynamics of a tourist region influence those of its neighbors, especially during periods of extreme conditions.",,,,
R094,10.3390/su17041396,2025,Sustainability,Modeling Tourism Demand in Turkey (2008–2024): Time-Series Approaches for Sustainable Growth,"Tourism is a critical sector for economic growth and cultural exchange, particularly for destinations like Turkey, which consistently attracts millions of visitors annually. This study investigates the dynamics of tourism demand in Turkey between 2008 and 2024, with a focus on seasonality, long-term trends, and predictive modeling accuracy. Time-series data were analyzed, and the impacts of economic indicators and digital search trends were evaluated using SARIMA and SARIMAX models. The results demonstrate that the SARIMA models outperformed the SARIMAX models, highlighting the dominance of intrinsic seasonal patterns over external regressors, such as exchange rates and inflation. The findings emphasize that geographic proximity and cultural similarities drive consistent tourist flows, while behavioral data like Google Trends provide supplementary insights into demand shifts. However, economic variables showed limited short-term predictive power. These results underscore the importance of prioritizing time-series structures in forecasting frameworks while complementing them with behavioral indicators for enhanced accuracy. This study contributes to the literature by addressing a critical gap in understanding how various factors influence tourism demand in Turkey and offers practical implications for policymakers and tourism planners to optimize strategic planning and resource allocation, ensuring sustainable tourism growth. Future research should explore hybrid models that incorporate sentiment-driven data and cultural factors for more robust forecasting.",,,,
R095,10.24191/idealogy.v10i2.834,2025,Idealogy Journal,An Analysis on 3D Modelling Technique in Virtual Reality for Hajj and Umrah Simulation,"This study investigates the use of 3D modelling techniques in virtual reality (VR) simulations for Hajj and Umrah education. It focuses on how these techniques support realism, user interaction, and system performance. The research uses qualitative content analysis to study five VR platforms: HAJJI VR, Pilgrim VR, Labbaik VR, HAJJ, and Muslim 3D. The aim is to understand how 3D modelling is applied in VR religious learning and to identify which techniques are most used. The main problem addressed is the challenge of balancing high-quality visuals with the limited processing power of VR devices, which can reduce the effectiveness of the learning experience. The findings show that basic techniques like polygonal modelling, texturing, and real-time rendering are widely used, while more advanced methods—such as parametric modelling, physically based simulation, and mixed reality—are not applied. Techniques like procedural modelling and Level of Detail (LOD) are used only in some platforms, likely due to technical limitations. This paper recommends that future development should include AI tools to help optimise models and improve performance. It also suggests exploring scalable techniques like procedural modelling to improve realism without overloading system resources. These suggestions are based on observed gaps in current Virtual Reality systems and aim to improve the quality of religious learning through immersive simulations.",,,,
R096,10.1016/j.aej.2025.06.043,2025,Alexandria Engineering Journal,Smart mobile application for real-time monitoring and prediction of pilgrim crowd activities in Hajj and Umrah using wearable sensors,(no abstract in Crossref - decide on title),,,,
R097,10.3390/su12229620,2020,Sustainability,"Urban Sprawl, Socioeconomic Features, and Travel Patterns in Middle East Countries: A Case Study in Iran","The present study aimed to investigate different socioeconomic factors as well as the perceptions and travel behaviors associated with urban sprawl in two cities of different sizes in Iran, as a developing country in the Middle East. Four Weighted Least Squares (WLS) regression models were developed for Hamedan and Nowshahr, as examples of large and small cities in Iran, respectively. The findings showed different correlations related to urban sprawl between Iranian cities and high-income countries in terms of socioeconomic and travel behavior determinants. Urban sprawl around home in Hamedan was positively correlated with the number of cars and driving licenses in households, the use of a private car for trips, and less use of public transport. Urban sprawl around homes in Nowshahr was related to an increased number of cars, the use of private cars for non-commuting trips, less sense of belonging to the neighborhood, and lower income. Additionally, urban sprawl around workplaces was correlated with main daily activity, number of non-commuting trips, mode of choice for non-commuting, and residential location choice in Hamedan a swell as monthly income, daily shopping area, frequency of public transport use, quality of recreational facilities, length of time for living in the current home, and commuting distance in Nowshahr.",,,,
R098,10.3390/su132313372,2021,Sustainability,"Forecasting the Impact of Gross Domestic Product (GDP) on International Tourist Arrivals to Langkawi, Malaysia: A PostCOVID-19 Future","This research first aims to forecast tourist arrivals to Langkawi, Malaysia from its top three source markets, namely, China, Saudi Arabia, and the United Kingdom, between 2020 and 2022. Using the annual gross domestic product (GDP) growth of those three countries, the study seeks to investigate the impact of GDP on tourist arrivals from these countries to Langkawi in the context of post-COVID-19 scenarios. The study uses expert modelers, namely, ARIMA models and Holt’s linear models, to find the best fit model. Then, linear regression analysis was conducted to assess the impact of GDP on tourist arrivals in Langkawi from the said three countries. The results from the Holt linear model predicted a significant increase in the number of tourist arrivals from China and Saudi Arabia from 2020–2022. In contrast, the number of forecasted tourist arrivals from the United Kingdom would be on a decreasing trend from 2020–2022. It is also predicted that GDP growth will influence the tourist arrival trends from China and Saudi Arabia, but not for UK tourists. In other words, a speedy rate of recovery in the number of tourists from the UK to Langkawi is forecasted for once international travel restrictions are lifted, as the world eases into the post-pandemic period.",,,,
